-- ============================================================
-- Galaxy Ballroom Classic 2026 — Sample Data Seed
-- Generated by sample/generate.ts
-- ============================================================

BEGIN;

-- Studios
INSERT INTO studios (id, name, location, contact_info) VALUES (1, 'Starlight Dance Academy', 'Chicago, IL', 'info@starlightdance.com') ON CONFLICT (id) DO NOTHING;
INSERT INTO studios (id, name, location, contact_info) VALUES (2, 'Golden Ballroom Studio', 'New York, NY', 'hello@goldenballroom.com') ON CONFLICT (id) DO NOTHING;
SELECT setval('studios_id_seq', 2);

-- Competition
INSERT INTO competitions (id, name, type, date, location, studio_id, description, judge_settings, default_scoring_type, levels, pricing, allow_duplicate_entries, created_at)
  VALUES (1, 'Galaxy Ballroom Classic 2026', 'STUDIO', '2026-03-15', 'Grand Hyatt Chicago', 1, 'A comprehensive sample competition showcasing every supported event combination. Includes Pro-Am and Amateur divisions across all styles, levels, and scoring types.', '{"defaultCount":5,"levelOverrides":{"Newcomer":3,"Bronze":3,"Championship":7,"Pre-Championship":5}}', 'standard', '["Newcomer","Bronze","Silver","Gold","Novice","Pre-Championship","Championship"]', '{"singleDance":[{"minEntries":1,"pricePerEntry":95},{"minEntries":6,"pricePerEntry":85},{"minEntries":11,"pricePerEntry":75}],"multiDance":{"mode":"flat","flatTiers":[{"minEntries":1,"pricePerEntry":135},{"minEntries":6,"pricePerEntry":120}],"perDanceCountTiers":{}},"scholarship":[{"minEntries":1,"pricePerEntry":175}]}', true, '2026-03-15T09:00:00.000Z')
  ON CONFLICT (id) DO NOTHING;
SELECT setval('competitions_id_seq', 1);

-- People
INSERT INTO people (id, first_name, last_name, email, role, status, competition_id, studio_id) VALUES (1, 'James', 'Smith', 'pro.james.smith@example.com', 'both', 'professional', 1, 1) ON CONFLICT (id) DO NOTHING;
INSERT INTO people (id, first_name, last_name, email, role, status, competition_id, studio_id) VALUES (2, 'Robert', 'Johnson', 'pro.robert.johnson@example.com', 'both', 'professional', 1, 1) ON CONFLICT (id) DO NOTHING;
INSERT INTO people (id, first_name, last_name, email, role, status, competition_id, studio_id) VALUES (3, 'Michael', 'Williams', 'pro.michael.williams@example.com', 'both', 'professional', 1, 1) ON CONFLICT (id) DO NOTHING;
INSERT INTO people (id, first_name, last_name, email, role, status, competition_id, studio_id) VALUES (4, 'David', 'Brown', 'pro.david.brown@example.com', 'both', 'professional', 1, 1) ON CONFLICT (id) DO NOTHING;
INSERT INTO people (id, first_name, last_name, email, role, status, competition_id, studio_id) VALUES (5, 'William', 'Jones', 'pro.william.jones@example.com', 'both', 'professional', 1, 1) ON CONFLICT (id) DO NOTHING;
INSERT INTO people (id, first_name, last_name, email, role, status, competition_id, studio_id) VALUES (6, 'Richard', 'Garcia', 'pro.richard.garcia@example.com', 'both', 'professional', 1, 2) ON CONFLICT (id) DO NOTHING;
INSERT INTO people (id, first_name, last_name, email, role, status, competition_id, studio_id) VALUES (7, 'Joseph', 'Miller', 'pro.joseph.miller@example.com', 'both', 'professional', 1, 2) ON CONFLICT (id) DO NOTHING;
INSERT INTO people (id, first_name, last_name, email, role, status, competition_id, studio_id) VALUES (8, 'Thomas', 'Davis', 'pro.thomas.davis@example.com', 'both', 'professional', 1, 2) ON CONFLICT (id) DO NOTHING;
INSERT INTO people (id, first_name, last_name, email, role, status, competition_id, studio_id) VALUES (9, 'Christopher', 'Rodriguez', 'pro.christopher.rodriguez@example.com', 'both', 'professional', 1, 2) ON CONFLICT (id) DO NOTHING;
INSERT INTO people (id, first_name, last_name, email, role, status, competition_id, studio_id) VALUES (10, 'Daniel', 'Martinez', 'pro.daniel.martinez@example.com', 'both', 'professional', 1, 2) ON CONFLICT (id) DO NOTHING;
INSERT INTO people (id, first_name, last_name, email, role, status, competition_id, studio_id) VALUES (11, 'Mary', 'Hernandez', 'pro.mary.hernandez@example.com', 'both', 'professional', 1, 1) ON CONFLICT (id) DO NOTHING;
INSERT INTO people (id, first_name, last_name, email, role, status, competition_id, studio_id) VALUES (12, 'Patricia', 'Lopez', 'pro.patricia.lopez@example.com', 'both', 'professional', 1, 1) ON CONFLICT (id) DO NOTHING;
INSERT INTO people (id, first_name, last_name, email, role, status, competition_id, studio_id) VALUES (13, 'Jennifer', 'Gonzalez', 'pro.jennifer.gonzalez@example.com', 'both', 'professional', 1, 1) ON CONFLICT (id) DO NOTHING;
INSERT INTO people (id, first_name, last_name, email, role, status, competition_id, studio_id) VALUES (14, 'Linda', 'Wilson', 'pro.linda.wilson@example.com', 'both', 'professional', 1, 1) ON CONFLICT (id) DO NOTHING;
INSERT INTO people (id, first_name, last_name, email, role, status, competition_id, studio_id) VALUES (15, 'Barbara', 'Anderson', 'pro.barbara.anderson@example.com', 'both', 'professional', 1, 1) ON CONFLICT (id) DO NOTHING;
INSERT INTO people (id, first_name, last_name, email, role, status, competition_id, studio_id) VALUES (16, 'Elizabeth', 'Thomas', 'pro.elizabeth.thomas@example.com', 'both', 'professional', 1, 2) ON CONFLICT (id) DO NOTHING;
INSERT INTO people (id, first_name, last_name, email, role, status, competition_id, studio_id) VALUES (17, 'Susan', 'Taylor', 'pro.susan.taylor@example.com', 'both', 'professional', 1, 2) ON CONFLICT (id) DO NOTHING;
INSERT INTO people (id, first_name, last_name, email, role, status, competition_id, studio_id) VALUES (18, 'Jessica', 'Moore', 'pro.jessica.moore@example.com', 'both', 'professional', 1, 2) ON CONFLICT (id) DO NOTHING;
INSERT INTO people (id, first_name, last_name, email, role, status, competition_id, studio_id) VALUES (19, 'Sarah', 'Jackson', 'pro.sarah.jackson@example.com', 'both', 'professional', 1, 2) ON CONFLICT (id) DO NOTHING;
INSERT INTO people (id, first_name, last_name, email, role, status, competition_id, studio_id) VALUES (20, 'Karen', 'Martin', 'pro.karen.martin@example.com', 'both', 'professional', 1, 2) ON CONFLICT (id) DO NOTHING;
INSERT INTO people (id, first_name, last_name, email, role, status, competition_id, studio_id) VALUES (21, 'Matthew', 'Lee', 'student.l1@example.com', 'leader', 'student', 1, 1) ON CONFLICT (id) DO NOTHING;
INSERT INTO people (id, first_name, last_name, email, role, status, competition_id, studio_id) VALUES (22, 'Anthony', 'Perez', 'student.l2@example.com', 'leader', 'student', 1, 1) ON CONFLICT (id) DO NOTHING;
INSERT INTO people (id, first_name, last_name, email, role, status, competition_id, studio_id) VALUES (23, 'Mark', 'Thompson', 'student.l3@example.com', 'leader', 'student', 1, 1) ON CONFLICT (id) DO NOTHING;
INSERT INTO people (id, first_name, last_name, email, role, status, competition_id, studio_id) VALUES (24, 'Steven', 'White', 'student.l4@example.com', 'leader', 'student', 1, 1) ON CONFLICT (id) DO NOTHING;
INSERT INTO people (id, first_name, last_name, email, role, status, competition_id, studio_id) VALUES (25, 'Paul', 'Harris', 'student.l5@example.com', 'leader', 'student', 1, 1) ON CONFLICT (id) DO NOTHING;
INSERT INTO people (id, first_name, last_name, email, role, status, competition_id, studio_id) VALUES (26, 'Andrew', 'Sanchez', 'student.l6@example.com', 'leader', 'student', 1, 1) ON CONFLICT (id) DO NOTHING;
INSERT INTO people (id, first_name, last_name, email, role, status, competition_id, studio_id) VALUES (27, 'Joshua', 'Clark', 'student.l7@example.com', 'leader', 'student', 1, 1) ON CONFLICT (id) DO NOTHING;
INSERT INTO people (id, first_name, last_name, email, role, status, competition_id, studio_id) VALUES (28, 'Kenneth', 'Ramirez', 'student.l8@example.com', 'leader', 'student', 1, 1) ON CONFLICT (id) DO NOTHING;
INSERT INTO people (id, first_name, last_name, email, role, status, competition_id, studio_id) VALUES (29, 'Kevin', 'Lewis', 'student.l9@example.com', 'leader', 'student', 1, 1) ON CONFLICT (id) DO NOTHING;
INSERT INTO people (id, first_name, last_name, email, role, status, competition_id, studio_id) VALUES (30, 'Brian', 'Robinson', 'student.l10@example.com', 'leader', 'student', 1, 1) ON CONFLICT (id) DO NOTHING;
INSERT INTO people (id, first_name, last_name, email, role, status, competition_id, studio_id) VALUES (31, 'George', 'Walker', 'student.l11@example.com', 'leader', 'student', 1, 1) ON CONFLICT (id) DO NOTHING;
INSERT INTO people (id, first_name, last_name, email, role, status, competition_id, studio_id) VALUES (32, 'Timothy', 'Young', 'student.l12@example.com', 'leader', 'student', 1, 1) ON CONFLICT (id) DO NOTHING;
INSERT INTO people (id, first_name, last_name, email, role, status, competition_id, studio_id) VALUES (33, 'Ronald', 'Allen', 'student.l13@example.com', 'leader', 'student', 1, 1) ON CONFLICT (id) DO NOTHING;
INSERT INTO people (id, first_name, last_name, email, role, status, competition_id, studio_id) VALUES (34, 'Edward', 'King', 'student.l14@example.com', 'leader', 'student', 1, 1) ON CONFLICT (id) DO NOTHING;
INSERT INTO people (id, first_name, last_name, email, role, status, competition_id, studio_id) VALUES (35, 'Jason', 'Wright', 'student.l15@example.com', 'leader', 'student', 1, 1) ON CONFLICT (id) DO NOTHING;
INSERT INTO people (id, first_name, last_name, email, role, status, competition_id, studio_id) VALUES (36, 'Jeffrey', 'Scott', 'student.l16@example.com', 'leader', 'student', 1, 1) ON CONFLICT (id) DO NOTHING;
INSERT INTO people (id, first_name, last_name, email, role, status, competition_id, studio_id) VALUES (37, 'Ryan', 'Torres', 'student.l17@example.com', 'leader', 'student', 1, 1) ON CONFLICT (id) DO NOTHING;
INSERT INTO people (id, first_name, last_name, email, role, status, competition_id, studio_id) VALUES (38, 'Jacob', 'Nguyen', 'student.l18@example.com', 'leader', 'student', 1, 1) ON CONFLICT (id) DO NOTHING;
INSERT INTO people (id, first_name, last_name, email, role, status, competition_id, studio_id) VALUES (39, 'Nicholas', 'Hill', 'student.l19@example.com', 'leader', 'student', 1, 1) ON CONFLICT (id) DO NOTHING;
INSERT INTO people (id, first_name, last_name, email, role, status, competition_id, studio_id) VALUES (40, 'Gary', 'Flores', 'student.l20@example.com', 'leader', 'student', 1, 1) ON CONFLICT (id) DO NOTHING;
INSERT INTO people (id, first_name, last_name, email, role, status, competition_id, studio_id) VALUES (41, 'Eric', 'Green', 'student.l21@example.com', 'leader', 'student', 1, 1) ON CONFLICT (id) DO NOTHING;
INSERT INTO people (id, first_name, last_name, email, role, status, competition_id, studio_id) VALUES (42, 'Jonathan', 'Adams', 'student.l22@example.com', 'leader', 'student', 1, 1) ON CONFLICT (id) DO NOTHING;
INSERT INTO people (id, first_name, last_name, email, role, status, competition_id, studio_id) VALUES (43, 'Stephen', 'Nelson', 'student.l23@example.com', 'leader', 'student', 1, 1) ON CONFLICT (id) DO NOTHING;
INSERT INTO people (id, first_name, last_name, email, role, status, competition_id, studio_id) VALUES (44, 'Larry', 'Baker', 'student.l24@example.com', 'leader', 'student', 1, 1) ON CONFLICT (id) DO NOTHING;
INSERT INTO people (id, first_name, last_name, email, role, status, competition_id, studio_id) VALUES (45, 'Justin', 'Hall', 'student.l25@example.com', 'leader', 'student', 1, 1) ON CONFLICT (id) DO NOTHING;
INSERT INTO people (id, first_name, last_name, email, role, status, competition_id, studio_id) VALUES (46, 'Scott', 'Rivera', 'student.l26@example.com', 'leader', 'student', 1, 1) ON CONFLICT (id) DO NOTHING;
INSERT INTO people (id, first_name, last_name, email, role, status, competition_id, studio_id) VALUES (47, 'Brandon', 'Campbell', 'student.l27@example.com', 'leader', 'student', 1, 1) ON CONFLICT (id) DO NOTHING;
INSERT INTO people (id, first_name, last_name, email, role, status, competition_id, studio_id) VALUES (48, 'Benjamin', 'Mitchell', 'student.l28@example.com', 'leader', 'student', 1, 1) ON CONFLICT (id) DO NOTHING;
INSERT INTO people (id, first_name, last_name, email, role, status, competition_id, studio_id) VALUES (49, 'Samuel', 'Carter', 'student.l29@example.com', 'leader', 'student', 1, 1) ON CONFLICT (id) DO NOTHING;
INSERT INTO people (id, first_name, last_name, email, role, status, competition_id, studio_id) VALUES (50, 'Patrick', 'Roberts', 'student.l30@example.com', 'leader', 'student', 1, 1) ON CONFLICT (id) DO NOTHING;
INSERT INTO people (id, first_name, last_name, email, role, status, competition_id, studio_id) VALUES (51, 'Alexander', 'Chen', 'student.l31@example.com', 'leader', 'student', 1, 1) ON CONFLICT (id) DO NOTHING;
INSERT INTO people (id, first_name, last_name, email, role, status, competition_id, studio_id) VALUES (52, 'Frank', 'Kim', 'student.l32@example.com', 'leader', 'student', 1, 1) ON CONFLICT (id) DO NOTHING;
INSERT INTO people (id, first_name, last_name, email, role, status, competition_id, studio_id) VALUES (53, 'Raymond', 'Patel', 'student.l33@example.com', 'leader', 'student', 1, 1) ON CONFLICT (id) DO NOTHING;
INSERT INTO people (id, first_name, last_name, email, role, status, competition_id, studio_id) VALUES (54, 'Gregory', 'Shah', 'student.l34@example.com', 'leader', 'student', 1, 1) ON CONFLICT (id) DO NOTHING;
INSERT INTO people (id, first_name, last_name, email, role, status, competition_id, studio_id) VALUES (55, 'Jack', 'Nakamura', 'student.l35@example.com', 'leader', 'student', 1, 1) ON CONFLICT (id) DO NOTHING;
INSERT INTO people (id, first_name, last_name, email, role, status, competition_id, studio_id) VALUES (56, 'Dennis', 'Petrov', 'student.l36@example.com', 'leader', 'student', 1, 1) ON CONFLICT (id) DO NOTHING;
INSERT INTO people (id, first_name, last_name, email, role, status, competition_id, studio_id) VALUES (57, 'Jerry', 'Ivanov', 'student.l37@example.com', 'leader', 'student', 1, 1) ON CONFLICT (id) DO NOTHING;
INSERT INTO people (id, first_name, last_name, email, role, status, competition_id, studio_id) VALUES (58, 'Tyler', 'Muller', 'student.l38@example.com', 'leader', 'student', 1, 1) ON CONFLICT (id) DO NOTHING;
INSERT INTO people (id, first_name, last_name, email, role, status, competition_id, studio_id) VALUES (59, 'Aaron', 'Fischer', 'student.l39@example.com', 'leader', 'student', 1, 1) ON CONFLICT (id) DO NOTHING;
INSERT INTO people (id, first_name, last_name, email, role, status, competition_id, studio_id) VALUES (60, 'Jose', 'Weber', 'student.l40@example.com', 'leader', 'student', 1, 1) ON CONFLICT (id) DO NOTHING;
INSERT INTO people (id, first_name, last_name, email, role, status, competition_id, studio_id) VALUES (61, 'Adam', 'Smith', 'student.l41@example.com', 'leader', 'student', 1, 1) ON CONFLICT (id) DO NOTHING;
INSERT INTO people (id, first_name, last_name, email, role, status, competition_id, studio_id) VALUES (62, 'Nathan', 'Johnson', 'student.l42@example.com', 'leader', 'student', 1, 1) ON CONFLICT (id) DO NOTHING;
INSERT INTO people (id, first_name, last_name, email, role, status, competition_id, studio_id) VALUES (63, 'Henry', 'Williams', 'student.l43@example.com', 'leader', 'student', 1, 1) ON CONFLICT (id) DO NOTHING;
INSERT INTO people (id, first_name, last_name, email, role, status, competition_id, studio_id) VALUES (64, 'Douglas', 'Brown', 'student.l44@example.com', 'leader', 'student', 1, 1) ON CONFLICT (id) DO NOTHING;
INSERT INTO people (id, first_name, last_name, email, role, status, competition_id, studio_id) VALUES (65, 'Peter', 'Jones', 'student.l45@example.com', 'leader', 'student', 1, 1) ON CONFLICT (id) DO NOTHING;
INSERT INTO people (id, first_name, last_name, email, role, status, competition_id, studio_id) VALUES (66, 'Zachary', 'Garcia', 'student.l46@example.com', 'leader', 'student', 1, 2) ON CONFLICT (id) DO NOTHING;
INSERT INTO people (id, first_name, last_name, email, role, status, competition_id, studio_id) VALUES (67, 'Kyle', 'Miller', 'student.l47@example.com', 'leader', 'student', 1, 2) ON CONFLICT (id) DO NOTHING;
INSERT INTO people (id, first_name, last_name, email, role, status, competition_id, studio_id) VALUES (68, 'Noah', 'Davis', 'student.l48@example.com', 'leader', 'student', 1, 2) ON CONFLICT (id) DO NOTHING;
INSERT INTO people (id, first_name, last_name, email, role, status, competition_id, studio_id) VALUES (69, 'Ethan', 'Rodriguez', 'student.l49@example.com', 'leader', 'student', 1, 2) ON CONFLICT (id) DO NOTHING;
INSERT INTO people (id, first_name, last_name, email, role, status, competition_id, studio_id) VALUES (70, 'Jeremy', 'Martinez', 'student.l50@example.com', 'leader', 'student', 1, 2) ON CONFLICT (id) DO NOTHING;
INSERT INTO people (id, first_name, last_name, email, role, status, competition_id, studio_id) VALUES (71, 'James', 'Hernandez', 'student.l51@example.com', 'leader', 'student', 1, 2) ON CONFLICT (id) DO NOTHING;
INSERT INTO people (id, first_name, last_name, email, role, status, competition_id, studio_id) VALUES (72, 'Robert', 'Lopez', 'student.l52@example.com', 'leader', 'student', 1, 2) ON CONFLICT (id) DO NOTHING;
INSERT INTO people (id, first_name, last_name, email, role, status, competition_id, studio_id) VALUES (73, 'Michael', 'Gonzalez', 'student.l53@example.com', 'leader', 'student', 1, 2) ON CONFLICT (id) DO NOTHING;
INSERT INTO people (id, first_name, last_name, email, role, status, competition_id, studio_id) VALUES (74, 'David', 'Wilson', 'student.l54@example.com', 'leader', 'student', 1, 2) ON CONFLICT (id) DO NOTHING;
INSERT INTO people (id, first_name, last_name, email, role, status, competition_id, studio_id) VALUES (75, 'William', 'Anderson', 'student.l55@example.com', 'leader', 'student', 1, 2) ON CONFLICT (id) DO NOTHING;
INSERT INTO people (id, first_name, last_name, email, role, status, competition_id, studio_id) VALUES (76, 'Richard', 'Thomas', 'student.l56@example.com', 'leader', 'student', 1, 2) ON CONFLICT (id) DO NOTHING;
INSERT INTO people (id, first_name, last_name, email, role, status, competition_id, studio_id) VALUES (77, 'Joseph', 'Taylor', 'student.l57@example.com', 'leader', 'student', 1, 2) ON CONFLICT (id) DO NOTHING;
INSERT INTO people (id, first_name, last_name, email, role, status, competition_id, studio_id) VALUES (78, 'Thomas', 'Moore', 'student.l58@example.com', 'leader', 'student', 1, 2) ON CONFLICT (id) DO NOTHING;
INSERT INTO people (id, first_name, last_name, email, role, status, competition_id, studio_id) VALUES (79, 'Christopher', 'Jackson', 'student.l59@example.com', 'leader', 'student', 1, 2) ON CONFLICT (id) DO NOTHING;
INSERT INTO people (id, first_name, last_name, email, role, status, competition_id, studio_id) VALUES (80, 'Daniel', 'Martin', 'student.l60@example.com', 'leader', 'student', 1, 2) ON CONFLICT (id) DO NOTHING;
INSERT INTO people (id, first_name, last_name, email, role, status, competition_id, studio_id) VALUES (81, 'Matthew', 'Lee', 'student.l61@example.com', 'leader', 'student', 1, 2) ON CONFLICT (id) DO NOTHING;
INSERT INTO people (id, first_name, last_name, email, role, status, competition_id, studio_id) VALUES (82, 'Anthony', 'Perez', 'student.l62@example.com', 'leader', 'student', 1, 2) ON CONFLICT (id) DO NOTHING;
INSERT INTO people (id, first_name, last_name, email, role, status, competition_id, studio_id) VALUES (83, 'Mark', 'Thompson', 'student.l63@example.com', 'leader', 'student', 1, 2) ON CONFLICT (id) DO NOTHING;
INSERT INTO people (id, first_name, last_name, email, role, status, competition_id, studio_id) VALUES (84, 'Steven', 'White', 'student.l64@example.com', 'leader', 'student', 1, 2) ON CONFLICT (id) DO NOTHING;
INSERT INTO people (id, first_name, last_name, email, role, status, competition_id, studio_id) VALUES (85, 'Paul', 'Harris', 'student.l65@example.com', 'leader', 'student', 1, 2) ON CONFLICT (id) DO NOTHING;
INSERT INTO people (id, first_name, last_name, email, role, status, competition_id, studio_id) VALUES (86, 'Andrew', 'Sanchez', 'student.l66@example.com', 'leader', 'student', 1, 2) ON CONFLICT (id) DO NOTHING;
INSERT INTO people (id, first_name, last_name, email, role, status, competition_id, studio_id) VALUES (87, 'Joshua', 'Clark', 'student.l67@example.com', 'leader', 'student', 1, 2) ON CONFLICT (id) DO NOTHING;
INSERT INTO people (id, first_name, last_name, email, role, status, competition_id, studio_id) VALUES (88, 'Kenneth', 'Ramirez', 'student.l68@example.com', 'leader', 'student', 1, 2) ON CONFLICT (id) DO NOTHING;
INSERT INTO people (id, first_name, last_name, email, role, status, competition_id, studio_id) VALUES (89, 'Kevin', 'Lewis', 'student.l69@example.com', 'leader', 'student', 1, 2) ON CONFLICT (id) DO NOTHING;
INSERT INTO people (id, first_name, last_name, email, role, status, competition_id, studio_id) VALUES (90, 'Brian', 'Robinson', 'student.l70@example.com', 'leader', 'student', 1, 2) ON CONFLICT (id) DO NOTHING;
INSERT INTO people (id, first_name, last_name, email, role, status, competition_id, studio_id) VALUES (91, 'George', 'Walker', 'student.l71@example.com', 'leader', 'student', 1, 2) ON CONFLICT (id) DO NOTHING;
INSERT INTO people (id, first_name, last_name, email, role, status, competition_id, studio_id) VALUES (92, 'Timothy', 'Young', 'student.l72@example.com', 'leader', 'student', 1, 2) ON CONFLICT (id) DO NOTHING;
INSERT INTO people (id, first_name, last_name, email, role, status, competition_id, studio_id) VALUES (93, 'Ronald', 'Allen', 'student.l73@example.com', 'leader', 'student', 1, 2) ON CONFLICT (id) DO NOTHING;
INSERT INTO people (id, first_name, last_name, email, role, status, competition_id, studio_id) VALUES (94, 'Edward', 'King', 'student.l74@example.com', 'leader', 'student', 1, 2) ON CONFLICT (id) DO NOTHING;
INSERT INTO people (id, first_name, last_name, email, role, status, competition_id, studio_id) VALUES (95, 'Jason', 'Wright', 'student.l75@example.com', 'leader', 'student', 1, 2) ON CONFLICT (id) DO NOTHING;
INSERT INTO people (id, first_name, last_name, email, role, status, competition_id, studio_id) VALUES (96, 'Jeffrey', 'Scott', 'student.l76@example.com', 'leader', 'student', 1, 2) ON CONFLICT (id) DO NOTHING;
INSERT INTO people (id, first_name, last_name, email, role, status, competition_id, studio_id) VALUES (97, 'Ryan', 'Torres', 'student.l77@example.com', 'leader', 'student', 1, 2) ON CONFLICT (id) DO NOTHING;
INSERT INTO people (id, first_name, last_name, email, role, status, competition_id, studio_id) VALUES (98, 'Jacob', 'Nguyen', 'student.l78@example.com', 'leader', 'student', 1, 2) ON CONFLICT (id) DO NOTHING;
INSERT INTO people (id, first_name, last_name, email, role, status, competition_id, studio_id) VALUES (99, 'Nicholas', 'Hill', 'student.l79@example.com', 'leader', 'student', 1, 2) ON CONFLICT (id) DO NOTHING;
INSERT INTO people (id, first_name, last_name, email, role, status, competition_id, studio_id) VALUES (100, 'Gary', 'Flores', 'student.l80@example.com', 'leader', 'student', 1, 2) ON CONFLICT (id) DO NOTHING;
INSERT INTO people (id, first_name, last_name, email, role, status, competition_id, studio_id) VALUES (101, 'Eric', 'Green', 'student.l81@example.com', 'leader', 'student', 1, 2) ON CONFLICT (id) DO NOTHING;
INSERT INTO people (id, first_name, last_name, email, role, status, competition_id, studio_id) VALUES (102, 'Jonathan', 'Adams', 'student.l82@example.com', 'leader', 'student', 1, 2) ON CONFLICT (id) DO NOTHING;
INSERT INTO people (id, first_name, last_name, email, role, status, competition_id, studio_id) VALUES (103, 'Stephen', 'Nelson', 'student.l83@example.com', 'leader', 'student', 1, 2) ON CONFLICT (id) DO NOTHING;
INSERT INTO people (id, first_name, last_name, email, role, status, competition_id, studio_id) VALUES (104, 'Larry', 'Baker', 'student.l84@example.com', 'leader', 'student', 1, 2) ON CONFLICT (id) DO NOTHING;
INSERT INTO people (id, first_name, last_name, email, role, status, competition_id, studio_id) VALUES (105, 'Justin', 'Hall', 'student.l85@example.com', 'leader', 'student', 1, 2) ON CONFLICT (id) DO NOTHING;
INSERT INTO people (id, first_name, last_name, email, role, status, competition_id, studio_id) VALUES (106, 'Scott', 'Rivera', 'student.l86@example.com', 'leader', 'student', 1, 2) ON CONFLICT (id) DO NOTHING;
INSERT INTO people (id, first_name, last_name, email, role, status, competition_id, studio_id) VALUES (107, 'Brandon', 'Campbell', 'student.l87@example.com', 'leader', 'student', 1, 2) ON CONFLICT (id) DO NOTHING;
INSERT INTO people (id, first_name, last_name, email, role, status, competition_id, studio_id) VALUES (108, 'Benjamin', 'Mitchell', 'student.l88@example.com', 'leader', 'student', 1, 2) ON CONFLICT (id) DO NOTHING;
INSERT INTO people (id, first_name, last_name, email, role, status, competition_id, studio_id) VALUES (109, 'Samuel', 'Carter', 'student.l89@example.com', 'leader', 'student', 1, 2) ON CONFLICT (id) DO NOTHING;
INSERT INTO people (id, first_name, last_name, email, role, status, competition_id, studio_id) VALUES (110, 'Patrick', 'Roberts', 'student.l90@example.com', 'leader', 'student', 1, 2) ON CONFLICT (id) DO NOTHING;
INSERT INTO people (id, first_name, last_name, email, role, status, competition_id, studio_id) VALUES (111, 'Lisa', 'Walker', 'student.f1@example.com', 'follower', 'student', 1, 1) ON CONFLICT (id) DO NOTHING;
INSERT INTO people (id, first_name, last_name, email, role, status, competition_id, studio_id) VALUES (112, 'Nancy', 'Young', 'student.f2@example.com', 'follower', 'student', 1, 1) ON CONFLICT (id) DO NOTHING;
INSERT INTO people (id, first_name, last_name, email, role, status, competition_id, studio_id) VALUES (113, 'Betty', 'Allen', 'student.f3@example.com', 'follower', 'student', 1, 1) ON CONFLICT (id) DO NOTHING;
INSERT INTO people (id, first_name, last_name, email, role, status, competition_id, studio_id) VALUES (114, 'Margaret', 'King', 'student.f4@example.com', 'follower', 'student', 1, 1) ON CONFLICT (id) DO NOTHING;
INSERT INTO people (id, first_name, last_name, email, role, status, competition_id, studio_id) VALUES (115, 'Sandra', 'Wright', 'student.f5@example.com', 'follower', 'student', 1, 1) ON CONFLICT (id) DO NOTHING;
INSERT INTO people (id, first_name, last_name, email, role, status, competition_id, studio_id) VALUES (116, 'Ashley', 'Scott', 'student.f6@example.com', 'follower', 'student', 1, 1) ON CONFLICT (id) DO NOTHING;
INSERT INTO people (id, first_name, last_name, email, role, status, competition_id, studio_id) VALUES (117, 'Dorothy', 'Torres', 'student.f7@example.com', 'follower', 'student', 1, 1) ON CONFLICT (id) DO NOTHING;
INSERT INTO people (id, first_name, last_name, email, role, status, competition_id, studio_id) VALUES (118, 'Kimberly', 'Nguyen', 'student.f8@example.com', 'follower', 'student', 1, 1) ON CONFLICT (id) DO NOTHING;
INSERT INTO people (id, first_name, last_name, email, role, status, competition_id, studio_id) VALUES (119, 'Emily', 'Hill', 'student.f9@example.com', 'follower', 'student', 1, 1) ON CONFLICT (id) DO NOTHING;
INSERT INTO people (id, first_name, last_name, email, role, status, competition_id, studio_id) VALUES (120, 'Donna', 'Flores', 'student.f10@example.com', 'follower', 'student', 1, 1) ON CONFLICT (id) DO NOTHING;
INSERT INTO people (id, first_name, last_name, email, role, status, competition_id, studio_id) VALUES (121, 'Michelle', 'Green', 'student.f11@example.com', 'follower', 'student', 1, 1) ON CONFLICT (id) DO NOTHING;
INSERT INTO people (id, first_name, last_name, email, role, status, competition_id, studio_id) VALUES (122, 'Carol', 'Adams', 'student.f12@example.com', 'follower', 'student', 1, 1) ON CONFLICT (id) DO NOTHING;
INSERT INTO people (id, first_name, last_name, email, role, status, competition_id, studio_id) VALUES (123, 'Amanda', 'Nelson', 'student.f13@example.com', 'follower', 'student', 1, 1) ON CONFLICT (id) DO NOTHING;
INSERT INTO people (id, first_name, last_name, email, role, status, competition_id, studio_id) VALUES (124, 'Melissa', 'Baker', 'student.f14@example.com', 'follower', 'student', 1, 1) ON CONFLICT (id) DO NOTHING;
INSERT INTO people (id, first_name, last_name, email, role, status, competition_id, studio_id) VALUES (125, 'Deborah', 'Hall', 'student.f15@example.com', 'follower', 'student', 1, 1) ON CONFLICT (id) DO NOTHING;
INSERT INTO people (id, first_name, last_name, email, role, status, competition_id, studio_id) VALUES (126, 'Stephanie', 'Rivera', 'student.f16@example.com', 'follower', 'student', 1, 1) ON CONFLICT (id) DO NOTHING;
INSERT INTO people (id, first_name, last_name, email, role, status, competition_id, studio_id) VALUES (127, 'Rebecca', 'Campbell', 'student.f17@example.com', 'follower', 'student', 1, 1) ON CONFLICT (id) DO NOTHING;
INSERT INTO people (id, first_name, last_name, email, role, status, competition_id, studio_id) VALUES (128, 'Sharon', 'Mitchell', 'student.f18@example.com', 'follower', 'student', 1, 1) ON CONFLICT (id) DO NOTHING;
INSERT INTO people (id, first_name, last_name, email, role, status, competition_id, studio_id) VALUES (129, 'Laura', 'Carter', 'student.f19@example.com', 'follower', 'student', 1, 1) ON CONFLICT (id) DO NOTHING;
INSERT INTO people (id, first_name, last_name, email, role, status, competition_id, studio_id) VALUES (130, 'Cynthia', 'Roberts', 'student.f20@example.com', 'follower', 'student', 1, 1) ON CONFLICT (id) DO NOTHING;
INSERT INTO people (id, first_name, last_name, email, role, status, competition_id, studio_id) VALUES (131, 'Kathleen', 'Chen', 'student.f21@example.com', 'follower', 'student', 1, 1) ON CONFLICT (id) DO NOTHING;
INSERT INTO people (id, first_name, last_name, email, role, status, competition_id, studio_id) VALUES (132, 'Amy', 'Kim', 'student.f22@example.com', 'follower', 'student', 1, 1) ON CONFLICT (id) DO NOTHING;
INSERT INTO people (id, first_name, last_name, email, role, status, competition_id, studio_id) VALUES (133, 'Angela', 'Patel', 'student.f23@example.com', 'follower', 'student', 1, 1) ON CONFLICT (id) DO NOTHING;
INSERT INTO people (id, first_name, last_name, email, role, status, competition_id, studio_id) VALUES (134, 'Shirley', 'Shah', 'student.f24@example.com', 'follower', 'student', 1, 1) ON CONFLICT (id) DO NOTHING;
INSERT INTO people (id, first_name, last_name, email, role, status, competition_id, studio_id) VALUES (135, 'Anna', 'Nakamura', 'student.f25@example.com', 'follower', 'student', 1, 1) ON CONFLICT (id) DO NOTHING;
INSERT INTO people (id, first_name, last_name, email, role, status, competition_id, studio_id) VALUES (136, 'Brenda', 'Petrov', 'student.f26@example.com', 'follower', 'student', 1, 1) ON CONFLICT (id) DO NOTHING;
INSERT INTO people (id, first_name, last_name, email, role, status, competition_id, studio_id) VALUES (137, 'Pamela', 'Ivanov', 'student.f27@example.com', 'follower', 'student', 1, 1) ON CONFLICT (id) DO NOTHING;
INSERT INTO people (id, first_name, last_name, email, role, status, competition_id, studio_id) VALUES (138, 'Emma', 'Muller', 'student.f28@example.com', 'follower', 'student', 1, 1) ON CONFLICT (id) DO NOTHING;
INSERT INTO people (id, first_name, last_name, email, role, status, competition_id, studio_id) VALUES (139, 'Nicole', 'Fischer', 'student.f29@example.com', 'follower', 'student', 1, 1) ON CONFLICT (id) DO NOTHING;
INSERT INTO people (id, first_name, last_name, email, role, status, competition_id, studio_id) VALUES (140, 'Helen', 'Weber', 'student.f30@example.com', 'follower', 'student', 1, 1) ON CONFLICT (id) DO NOTHING;
INSERT INTO people (id, first_name, last_name, email, role, status, competition_id, studio_id) VALUES (141, 'Samantha', 'Smith', 'student.f31@example.com', 'follower', 'student', 1, 1) ON CONFLICT (id) DO NOTHING;
INSERT INTO people (id, first_name, last_name, email, role, status, competition_id, studio_id) VALUES (142, 'Katherine', 'Johnson', 'student.f32@example.com', 'follower', 'student', 1, 1) ON CONFLICT (id) DO NOTHING;
INSERT INTO people (id, first_name, last_name, email, role, status, competition_id, studio_id) VALUES (143, 'Christine', 'Williams', 'student.f33@example.com', 'follower', 'student', 1, 1) ON CONFLICT (id) DO NOTHING;
INSERT INTO people (id, first_name, last_name, email, role, status, competition_id, studio_id) VALUES (144, 'Debra', 'Brown', 'student.f34@example.com', 'follower', 'student', 1, 1) ON CONFLICT (id) DO NOTHING;
INSERT INTO people (id, first_name, last_name, email, role, status, competition_id, studio_id) VALUES (145, 'Rachel', 'Jones', 'student.f35@example.com', 'follower', 'student', 1, 1) ON CONFLICT (id) DO NOTHING;
INSERT INTO people (id, first_name, last_name, email, role, status, competition_id, studio_id) VALUES (146, 'Carolyn', 'Garcia', 'student.f36@example.com', 'follower', 'student', 1, 1) ON CONFLICT (id) DO NOTHING;
INSERT INTO people (id, first_name, last_name, email, role, status, competition_id, studio_id) VALUES (147, 'Janet', 'Miller', 'student.f37@example.com', 'follower', 'student', 1, 1) ON CONFLICT (id) DO NOTHING;
INSERT INTO people (id, first_name, last_name, email, role, status, competition_id, studio_id) VALUES (148, 'Catherine', 'Davis', 'student.f38@example.com', 'follower', 'student', 1, 1) ON CONFLICT (id) DO NOTHING;
INSERT INTO people (id, first_name, last_name, email, role, status, competition_id, studio_id) VALUES (149, 'Maria', 'Rodriguez', 'student.f39@example.com', 'follower', 'student', 1, 1) ON CONFLICT (id) DO NOTHING;
INSERT INTO people (id, first_name, last_name, email, role, status, competition_id, studio_id) VALUES (150, 'Heather', 'Martinez', 'student.f40@example.com', 'follower', 'student', 1, 1) ON CONFLICT (id) DO NOTHING;
INSERT INTO people (id, first_name, last_name, email, role, status, competition_id, studio_id) VALUES (151, 'Diane', 'Hernandez', 'student.f41@example.com', 'follower', 'student', 1, 1) ON CONFLICT (id) DO NOTHING;
INSERT INTO people (id, first_name, last_name, email, role, status, competition_id, studio_id) VALUES (152, 'Ruth', 'Lopez', 'student.f42@example.com', 'follower', 'student', 1, 1) ON CONFLICT (id) DO NOTHING;
INSERT INTO people (id, first_name, last_name, email, role, status, competition_id, studio_id) VALUES (153, 'Julie', 'Gonzalez', 'student.f43@example.com', 'follower', 'student', 1, 1) ON CONFLICT (id) DO NOTHING;
INSERT INTO people (id, first_name, last_name, email, role, status, competition_id, studio_id) VALUES (154, 'Olivia', 'Wilson', 'student.f44@example.com', 'follower', 'student', 1, 1) ON CONFLICT (id) DO NOTHING;
INSERT INTO people (id, first_name, last_name, email, role, status, competition_id, studio_id) VALUES (155, 'Joyce', 'Anderson', 'student.f45@example.com', 'follower', 'student', 1, 1) ON CONFLICT (id) DO NOTHING;
INSERT INTO people (id, first_name, last_name, email, role, status, competition_id, studio_id) VALUES (156, 'Virginia', 'Thomas', 'student.f46@example.com', 'follower', 'student', 1, 2) ON CONFLICT (id) DO NOTHING;
INSERT INTO people (id, first_name, last_name, email, role, status, competition_id, studio_id) VALUES (157, 'Victoria', 'Taylor', 'student.f47@example.com', 'follower', 'student', 1, 2) ON CONFLICT (id) DO NOTHING;
INSERT INTO people (id, first_name, last_name, email, role, status, competition_id, studio_id) VALUES (158, 'Kelly', 'Moore', 'student.f48@example.com', 'follower', 'student', 1, 2) ON CONFLICT (id) DO NOTHING;
INSERT INTO people (id, first_name, last_name, email, role, status, competition_id, studio_id) VALUES (159, 'Lauren', 'Jackson', 'student.f49@example.com', 'follower', 'student', 1, 2) ON CONFLICT (id) DO NOTHING;
INSERT INTO people (id, first_name, last_name, email, role, status, competition_id, studio_id) VALUES (160, 'Christina', 'Martin', 'student.f50@example.com', 'follower', 'student', 1, 2) ON CONFLICT (id) DO NOTHING;
INSERT INTO people (id, first_name, last_name, email, role, status, competition_id, studio_id) VALUES (161, 'Mary', 'Lee', 'student.f51@example.com', 'follower', 'student', 1, 2) ON CONFLICT (id) DO NOTHING;
INSERT INTO people (id, first_name, last_name, email, role, status, competition_id, studio_id) VALUES (162, 'Patricia', 'Perez', 'student.f52@example.com', 'follower', 'student', 1, 2) ON CONFLICT (id) DO NOTHING;
INSERT INTO people (id, first_name, last_name, email, role, status, competition_id, studio_id) VALUES (163, 'Jennifer', 'Thompson', 'student.f53@example.com', 'follower', 'student', 1, 2) ON CONFLICT (id) DO NOTHING;
INSERT INTO people (id, first_name, last_name, email, role, status, competition_id, studio_id) VALUES (164, 'Linda', 'White', 'student.f54@example.com', 'follower', 'student', 1, 2) ON CONFLICT (id) DO NOTHING;
INSERT INTO people (id, first_name, last_name, email, role, status, competition_id, studio_id) VALUES (165, 'Barbara', 'Harris', 'student.f55@example.com', 'follower', 'student', 1, 2) ON CONFLICT (id) DO NOTHING;
INSERT INTO people (id, first_name, last_name, email, role, status, competition_id, studio_id) VALUES (166, 'Elizabeth', 'Sanchez', 'student.f56@example.com', 'follower', 'student', 1, 2) ON CONFLICT (id) DO NOTHING;
INSERT INTO people (id, first_name, last_name, email, role, status, competition_id, studio_id) VALUES (167, 'Susan', 'Clark', 'student.f57@example.com', 'follower', 'student', 1, 2) ON CONFLICT (id) DO NOTHING;
INSERT INTO people (id, first_name, last_name, email, role, status, competition_id, studio_id) VALUES (168, 'Jessica', 'Ramirez', 'student.f58@example.com', 'follower', 'student', 1, 2) ON CONFLICT (id) DO NOTHING;
INSERT INTO people (id, first_name, last_name, email, role, status, competition_id, studio_id) VALUES (169, 'Sarah', 'Lewis', 'student.f59@example.com', 'follower', 'student', 1, 2) ON CONFLICT (id) DO NOTHING;
INSERT INTO people (id, first_name, last_name, email, role, status, competition_id, studio_id) VALUES (170, 'Karen', 'Robinson', 'student.f60@example.com', 'follower', 'student', 1, 2) ON CONFLICT (id) DO NOTHING;
INSERT INTO people (id, first_name, last_name, email, role, status, competition_id, studio_id) VALUES (171, 'Lisa', 'Walker', 'student.f61@example.com', 'follower', 'student', 1, 2) ON CONFLICT (id) DO NOTHING;
INSERT INTO people (id, first_name, last_name, email, role, status, competition_id, studio_id) VALUES (172, 'Nancy', 'Young', 'student.f62@example.com', 'follower', 'student', 1, 2) ON CONFLICT (id) DO NOTHING;
INSERT INTO people (id, first_name, last_name, email, role, status, competition_id, studio_id) VALUES (173, 'Betty', 'Allen', 'student.f63@example.com', 'follower', 'student', 1, 2) ON CONFLICT (id) DO NOTHING;
INSERT INTO people (id, first_name, last_name, email, role, status, competition_id, studio_id) VALUES (174, 'Margaret', 'King', 'student.f64@example.com', 'follower', 'student', 1, 2) ON CONFLICT (id) DO NOTHING;
INSERT INTO people (id, first_name, last_name, email, role, status, competition_id, studio_id) VALUES (175, 'Sandra', 'Wright', 'student.f65@example.com', 'follower', 'student', 1, 2) ON CONFLICT (id) DO NOTHING;
INSERT INTO people (id, first_name, last_name, email, role, status, competition_id, studio_id) VALUES (176, 'Ashley', 'Scott', 'student.f66@example.com', 'follower', 'student', 1, 2) ON CONFLICT (id) DO NOTHING;
INSERT INTO people (id, first_name, last_name, email, role, status, competition_id, studio_id) VALUES (177, 'Dorothy', 'Torres', 'student.f67@example.com', 'follower', 'student', 1, 2) ON CONFLICT (id) DO NOTHING;
INSERT INTO people (id, first_name, last_name, email, role, status, competition_id, studio_id) VALUES (178, 'Kimberly', 'Nguyen', 'student.f68@example.com', 'follower', 'student', 1, 2) ON CONFLICT (id) DO NOTHING;
INSERT INTO people (id, first_name, last_name, email, role, status, competition_id, studio_id) VALUES (179, 'Emily', 'Hill', 'student.f69@example.com', 'follower', 'student', 1, 2) ON CONFLICT (id) DO NOTHING;
INSERT INTO people (id, first_name, last_name, email, role, status, competition_id, studio_id) VALUES (180, 'Donna', 'Flores', 'student.f70@example.com', 'follower', 'student', 1, 2) ON CONFLICT (id) DO NOTHING;
INSERT INTO people (id, first_name, last_name, email, role, status, competition_id, studio_id) VALUES (181, 'Michelle', 'Green', 'student.f71@example.com', 'follower', 'student', 1, 2) ON CONFLICT (id) DO NOTHING;
INSERT INTO people (id, first_name, last_name, email, role, status, competition_id, studio_id) VALUES (182, 'Carol', 'Adams', 'student.f72@example.com', 'follower', 'student', 1, 2) ON CONFLICT (id) DO NOTHING;
INSERT INTO people (id, first_name, last_name, email, role, status, competition_id, studio_id) VALUES (183, 'Amanda', 'Nelson', 'student.f73@example.com', 'follower', 'student', 1, 2) ON CONFLICT (id) DO NOTHING;
INSERT INTO people (id, first_name, last_name, email, role, status, competition_id, studio_id) VALUES (184, 'Melissa', 'Baker', 'student.f74@example.com', 'follower', 'student', 1, 2) ON CONFLICT (id) DO NOTHING;
INSERT INTO people (id, first_name, last_name, email, role, status, competition_id, studio_id) VALUES (185, 'Deborah', 'Hall', 'student.f75@example.com', 'follower', 'student', 1, 2) ON CONFLICT (id) DO NOTHING;
INSERT INTO people (id, first_name, last_name, email, role, status, competition_id, studio_id) VALUES (186, 'Stephanie', 'Rivera', 'student.f76@example.com', 'follower', 'student', 1, 2) ON CONFLICT (id) DO NOTHING;
INSERT INTO people (id, first_name, last_name, email, role, status, competition_id, studio_id) VALUES (187, 'Rebecca', 'Campbell', 'student.f77@example.com', 'follower', 'student', 1, 2) ON CONFLICT (id) DO NOTHING;
INSERT INTO people (id, first_name, last_name, email, role, status, competition_id, studio_id) VALUES (188, 'Sharon', 'Mitchell', 'student.f78@example.com', 'follower', 'student', 1, 2) ON CONFLICT (id) DO NOTHING;
INSERT INTO people (id, first_name, last_name, email, role, status, competition_id, studio_id) VALUES (189, 'Laura', 'Carter', 'student.f79@example.com', 'follower', 'student', 1, 2) ON CONFLICT (id) DO NOTHING;
INSERT INTO people (id, first_name, last_name, email, role, status, competition_id, studio_id) VALUES (190, 'Cynthia', 'Roberts', 'student.f80@example.com', 'follower', 'student', 1, 2) ON CONFLICT (id) DO NOTHING;
INSERT INTO people (id, first_name, last_name, email, role, status, competition_id, studio_id) VALUES (191, 'Kathleen', 'Chen', 'student.f81@example.com', 'follower', 'student', 1, 2) ON CONFLICT (id) DO NOTHING;
INSERT INTO people (id, first_name, last_name, email, role, status, competition_id, studio_id) VALUES (192, 'Amy', 'Kim', 'student.f82@example.com', 'follower', 'student', 1, 2) ON CONFLICT (id) DO NOTHING;
INSERT INTO people (id, first_name, last_name, email, role, status, competition_id, studio_id) VALUES (193, 'Angela', 'Patel', 'student.f83@example.com', 'follower', 'student', 1, 2) ON CONFLICT (id) DO NOTHING;
INSERT INTO people (id, first_name, last_name, email, role, status, competition_id, studio_id) VALUES (194, 'Shirley', 'Shah', 'student.f84@example.com', 'follower', 'student', 1, 2) ON CONFLICT (id) DO NOTHING;
INSERT INTO people (id, first_name, last_name, email, role, status, competition_id, studio_id) VALUES (195, 'Anna', 'Nakamura', 'student.f85@example.com', 'follower', 'student', 1, 2) ON CONFLICT (id) DO NOTHING;
INSERT INTO people (id, first_name, last_name, email, role, status, competition_id, studio_id) VALUES (196, 'Brenda', 'Petrov', 'student.f86@example.com', 'follower', 'student', 1, 2) ON CONFLICT (id) DO NOTHING;
INSERT INTO people (id, first_name, last_name, email, role, status, competition_id, studio_id) VALUES (197, 'Pamela', 'Ivanov', 'student.f87@example.com', 'follower', 'student', 1, 2) ON CONFLICT (id) DO NOTHING;
INSERT INTO people (id, first_name, last_name, email, role, status, competition_id, studio_id) VALUES (198, 'Emma', 'Muller', 'student.f88@example.com', 'follower', 'student', 1, 2) ON CONFLICT (id) DO NOTHING;
INSERT INTO people (id, first_name, last_name, email, role, status, competition_id, studio_id) VALUES (199, 'Nicole', 'Fischer', 'student.f89@example.com', 'follower', 'student', 1, 2) ON CONFLICT (id) DO NOTHING;
INSERT INTO people (id, first_name, last_name, email, role, status, competition_id, studio_id) VALUES (200, 'Helen', 'Weber', 'student.f90@example.com', 'follower', 'student', 1, 2) ON CONFLICT (id) DO NOTHING;
SELECT setval('people_id_seq', GREATEST((SELECT COALESCE(MAX(id), 0) FROM people), 200));

-- Couples
INSERT INTO couples (bib, leader_id, follower_id, leader_name, follower_name, competition_id) VALUES (1, 1, 111, 'James Smith', 'Lisa Walker', 1) ON CONFLICT (bib) DO NOTHING;
INSERT INTO couples (bib, leader_id, follower_id, leader_name, follower_name, competition_id) VALUES (2, 2, 112, 'Robert Johnson', 'Nancy Young', 1) ON CONFLICT (bib) DO NOTHING;
INSERT INTO couples (bib, leader_id, follower_id, leader_name, follower_name, competition_id) VALUES (3, 3, 113, 'Michael Williams', 'Betty Allen', 1) ON CONFLICT (bib) DO NOTHING;
INSERT INTO couples (bib, leader_id, follower_id, leader_name, follower_name, competition_id) VALUES (4, 4, 114, 'David Brown', 'Margaret King', 1) ON CONFLICT (bib) DO NOTHING;
INSERT INTO couples (bib, leader_id, follower_id, leader_name, follower_name, competition_id) VALUES (5, 5, 115, 'William Jones', 'Sandra Wright', 1) ON CONFLICT (bib) DO NOTHING;
INSERT INTO couples (bib, leader_id, follower_id, leader_name, follower_name, competition_id) VALUES (6, 6, 116, 'Richard Garcia', 'Ashley Scott', 1) ON CONFLICT (bib) DO NOTHING;
INSERT INTO couples (bib, leader_id, follower_id, leader_name, follower_name, competition_id) VALUES (7, 7, 117, 'Joseph Miller', 'Dorothy Torres', 1) ON CONFLICT (bib) DO NOTHING;
INSERT INTO couples (bib, leader_id, follower_id, leader_name, follower_name, competition_id) VALUES (8, 8, 118, 'Thomas Davis', 'Kimberly Nguyen', 1) ON CONFLICT (bib) DO NOTHING;
INSERT INTO couples (bib, leader_id, follower_id, leader_name, follower_name, competition_id) VALUES (9, 9, 119, 'Christopher Rodriguez', 'Emily Hill', 1) ON CONFLICT (bib) DO NOTHING;
INSERT INTO couples (bib, leader_id, follower_id, leader_name, follower_name, competition_id) VALUES (10, 10, 120, 'Daniel Martinez', 'Donna Flores', 1) ON CONFLICT (bib) DO NOTHING;
INSERT INTO couples (bib, leader_id, follower_id, leader_name, follower_name, competition_id) VALUES (11, 1, 121, 'James Smith', 'Michelle Green', 1) ON CONFLICT (bib) DO NOTHING;
INSERT INTO couples (bib, leader_id, follower_id, leader_name, follower_name, competition_id) VALUES (12, 2, 122, 'Robert Johnson', 'Carol Adams', 1) ON CONFLICT (bib) DO NOTHING;
INSERT INTO couples (bib, leader_id, follower_id, leader_name, follower_name, competition_id) VALUES (13, 3, 123, 'Michael Williams', 'Amanda Nelson', 1) ON CONFLICT (bib) DO NOTHING;
INSERT INTO couples (bib, leader_id, follower_id, leader_name, follower_name, competition_id) VALUES (14, 4, 124, 'David Brown', 'Melissa Baker', 1) ON CONFLICT (bib) DO NOTHING;
INSERT INTO couples (bib, leader_id, follower_id, leader_name, follower_name, competition_id) VALUES (15, 5, 125, 'William Jones', 'Deborah Hall', 1) ON CONFLICT (bib) DO NOTHING;
INSERT INTO couples (bib, leader_id, follower_id, leader_name, follower_name, competition_id) VALUES (16, 6, 126, 'Richard Garcia', 'Stephanie Rivera', 1) ON CONFLICT (bib) DO NOTHING;
INSERT INTO couples (bib, leader_id, follower_id, leader_name, follower_name, competition_id) VALUES (17, 7, 127, 'Joseph Miller', 'Rebecca Campbell', 1) ON CONFLICT (bib) DO NOTHING;
INSERT INTO couples (bib, leader_id, follower_id, leader_name, follower_name, competition_id) VALUES (18, 8, 128, 'Thomas Davis', 'Sharon Mitchell', 1) ON CONFLICT (bib) DO NOTHING;
INSERT INTO couples (bib, leader_id, follower_id, leader_name, follower_name, competition_id) VALUES (19, 9, 129, 'Christopher Rodriguez', 'Laura Carter', 1) ON CONFLICT (bib) DO NOTHING;
INSERT INTO couples (bib, leader_id, follower_id, leader_name, follower_name, competition_id) VALUES (20, 10, 130, 'Daniel Martinez', 'Cynthia Roberts', 1) ON CONFLICT (bib) DO NOTHING;
INSERT INTO couples (bib, leader_id, follower_id, leader_name, follower_name, competition_id) VALUES (21, 1, 131, 'James Smith', 'Kathleen Chen', 1) ON CONFLICT (bib) DO NOTHING;
INSERT INTO couples (bib, leader_id, follower_id, leader_name, follower_name, competition_id) VALUES (22, 2, 132, 'Robert Johnson', 'Amy Kim', 1) ON CONFLICT (bib) DO NOTHING;
INSERT INTO couples (bib, leader_id, follower_id, leader_name, follower_name, competition_id) VALUES (23, 3, 133, 'Michael Williams', 'Angela Patel', 1) ON CONFLICT (bib) DO NOTHING;
INSERT INTO couples (bib, leader_id, follower_id, leader_name, follower_name, competition_id) VALUES (24, 4, 134, 'David Brown', 'Shirley Shah', 1) ON CONFLICT (bib) DO NOTHING;
INSERT INTO couples (bib, leader_id, follower_id, leader_name, follower_name, competition_id) VALUES (25, 5, 135, 'William Jones', 'Anna Nakamura', 1) ON CONFLICT (bib) DO NOTHING;
INSERT INTO couples (bib, leader_id, follower_id, leader_name, follower_name, competition_id) VALUES (26, 21, 1, 'Matthew Lee', 'James Smith', 1) ON CONFLICT (bib) DO NOTHING;
INSERT INTO couples (bib, leader_id, follower_id, leader_name, follower_name, competition_id) VALUES (27, 22, 2, 'Anthony Perez', 'Robert Johnson', 1) ON CONFLICT (bib) DO NOTHING;
INSERT INTO couples (bib, leader_id, follower_id, leader_name, follower_name, competition_id) VALUES (28, 23, 3, 'Mark Thompson', 'Michael Williams', 1) ON CONFLICT (bib) DO NOTHING;
INSERT INTO couples (bib, leader_id, follower_id, leader_name, follower_name, competition_id) VALUES (29, 24, 4, 'Steven White', 'David Brown', 1) ON CONFLICT (bib) DO NOTHING;
INSERT INTO couples (bib, leader_id, follower_id, leader_name, follower_name, competition_id) VALUES (30, 25, 5, 'Paul Harris', 'William Jones', 1) ON CONFLICT (bib) DO NOTHING;
INSERT INTO couples (bib, leader_id, follower_id, leader_name, follower_name, competition_id) VALUES (31, 26, 6, 'Andrew Sanchez', 'Richard Garcia', 1) ON CONFLICT (bib) DO NOTHING;
INSERT INTO couples (bib, leader_id, follower_id, leader_name, follower_name, competition_id) VALUES (32, 27, 7, 'Joshua Clark', 'Joseph Miller', 1) ON CONFLICT (bib) DO NOTHING;
INSERT INTO couples (bib, leader_id, follower_id, leader_name, follower_name, competition_id) VALUES (33, 28, 8, 'Kenneth Ramirez', 'Thomas Davis', 1) ON CONFLICT (bib) DO NOTHING;
INSERT INTO couples (bib, leader_id, follower_id, leader_name, follower_name, competition_id) VALUES (34, 29, 9, 'Kevin Lewis', 'Christopher Rodriguez', 1) ON CONFLICT (bib) DO NOTHING;
INSERT INTO couples (bib, leader_id, follower_id, leader_name, follower_name, competition_id) VALUES (35, 30, 10, 'Brian Robinson', 'Daniel Martinez', 1) ON CONFLICT (bib) DO NOTHING;
INSERT INTO couples (bib, leader_id, follower_id, leader_name, follower_name, competition_id) VALUES (36, 31, 1, 'George Walker', 'James Smith', 1) ON CONFLICT (bib) DO NOTHING;
INSERT INTO couples (bib, leader_id, follower_id, leader_name, follower_name, competition_id) VALUES (37, 32, 2, 'Timothy Young', 'Robert Johnson', 1) ON CONFLICT (bib) DO NOTHING;
INSERT INTO couples (bib, leader_id, follower_id, leader_name, follower_name, competition_id) VALUES (38, 33, 3, 'Ronald Allen', 'Michael Williams', 1) ON CONFLICT (bib) DO NOTHING;
INSERT INTO couples (bib, leader_id, follower_id, leader_name, follower_name, competition_id) VALUES (39, 34, 4, 'Edward King', 'David Brown', 1) ON CONFLICT (bib) DO NOTHING;
INSERT INTO couples (bib, leader_id, follower_id, leader_name, follower_name, competition_id) VALUES (40, 35, 5, 'Jason Wright', 'William Jones', 1) ON CONFLICT (bib) DO NOTHING;
INSERT INTO couples (bib, leader_id, follower_id, leader_name, follower_name, competition_id) VALUES (41, 36, 6, 'Jeffrey Scott', 'Richard Garcia', 1) ON CONFLICT (bib) DO NOTHING;
INSERT INTO couples (bib, leader_id, follower_id, leader_name, follower_name, competition_id) VALUES (42, 37, 7, 'Ryan Torres', 'Joseph Miller', 1) ON CONFLICT (bib) DO NOTHING;
INSERT INTO couples (bib, leader_id, follower_id, leader_name, follower_name, competition_id) VALUES (43, 38, 8, 'Jacob Nguyen', 'Thomas Davis', 1) ON CONFLICT (bib) DO NOTHING;
INSERT INTO couples (bib, leader_id, follower_id, leader_name, follower_name, competition_id) VALUES (44, 39, 9, 'Nicholas Hill', 'Christopher Rodriguez', 1) ON CONFLICT (bib) DO NOTHING;
INSERT INTO couples (bib, leader_id, follower_id, leader_name, follower_name, competition_id) VALUES (45, 40, 10, 'Gary Flores', 'Daniel Martinez', 1) ON CONFLICT (bib) DO NOTHING;
INSERT INTO couples (bib, leader_id, follower_id, leader_name, follower_name, competition_id) VALUES (46, 41, 1, 'Eric Green', 'James Smith', 1) ON CONFLICT (bib) DO NOTHING;
INSERT INTO couples (bib, leader_id, follower_id, leader_name, follower_name, competition_id) VALUES (47, 42, 2, 'Jonathan Adams', 'Robert Johnson', 1) ON CONFLICT (bib) DO NOTHING;
INSERT INTO couples (bib, leader_id, follower_id, leader_name, follower_name, competition_id) VALUES (48, 43, 3, 'Stephen Nelson', 'Michael Williams', 1) ON CONFLICT (bib) DO NOTHING;
INSERT INTO couples (bib, leader_id, follower_id, leader_name, follower_name, competition_id) VALUES (49, 44, 4, 'Larry Baker', 'David Brown', 1) ON CONFLICT (bib) DO NOTHING;
INSERT INTO couples (bib, leader_id, follower_id, leader_name, follower_name, competition_id) VALUES (50, 45, 5, 'Justin Hall', 'William Jones', 1) ON CONFLICT (bib) DO NOTHING;
INSERT INTO couples (bib, leader_id, follower_id, leader_name, follower_name, competition_id) VALUES (51, 46, 136, 'Scott Rivera', 'Brenda Petrov', 1) ON CONFLICT (bib) DO NOTHING;
INSERT INTO couples (bib, leader_id, follower_id, leader_name, follower_name, competition_id) VALUES (52, 47, 137, 'Brandon Campbell', 'Pamela Ivanov', 1) ON CONFLICT (bib) DO NOTHING;
INSERT INTO couples (bib, leader_id, follower_id, leader_name, follower_name, competition_id) VALUES (53, 48, 138, 'Benjamin Mitchell', 'Emma Muller', 1) ON CONFLICT (bib) DO NOTHING;
INSERT INTO couples (bib, leader_id, follower_id, leader_name, follower_name, competition_id) VALUES (54, 49, 139, 'Samuel Carter', 'Nicole Fischer', 1) ON CONFLICT (bib) DO NOTHING;
INSERT INTO couples (bib, leader_id, follower_id, leader_name, follower_name, competition_id) VALUES (55, 50, 140, 'Patrick Roberts', 'Helen Weber', 1) ON CONFLICT (bib) DO NOTHING;
INSERT INTO couples (bib, leader_id, follower_id, leader_name, follower_name, competition_id) VALUES (56, 51, 141, 'Alexander Chen', 'Samantha Smith', 1) ON CONFLICT (bib) DO NOTHING;
INSERT INTO couples (bib, leader_id, follower_id, leader_name, follower_name, competition_id) VALUES (57, 52, 142, 'Frank Kim', 'Katherine Johnson', 1) ON CONFLICT (bib) DO NOTHING;
INSERT INTO couples (bib, leader_id, follower_id, leader_name, follower_name, competition_id) VALUES (58, 53, 143, 'Raymond Patel', 'Christine Williams', 1) ON CONFLICT (bib) DO NOTHING;
INSERT INTO couples (bib, leader_id, follower_id, leader_name, follower_name, competition_id) VALUES (59, 54, 144, 'Gregory Shah', 'Debra Brown', 1) ON CONFLICT (bib) DO NOTHING;
INSERT INTO couples (bib, leader_id, follower_id, leader_name, follower_name, competition_id) VALUES (60, 55, 145, 'Jack Nakamura', 'Rachel Jones', 1) ON CONFLICT (bib) DO NOTHING;
INSERT INTO couples (bib, leader_id, follower_id, leader_name, follower_name, competition_id) VALUES (61, 56, 146, 'Dennis Petrov', 'Carolyn Garcia', 1) ON CONFLICT (bib) DO NOTHING;
INSERT INTO couples (bib, leader_id, follower_id, leader_name, follower_name, competition_id) VALUES (62, 57, 147, 'Jerry Ivanov', 'Janet Miller', 1) ON CONFLICT (bib) DO NOTHING;
INSERT INTO couples (bib, leader_id, follower_id, leader_name, follower_name, competition_id) VALUES (63, 58, 148, 'Tyler Muller', 'Catherine Davis', 1) ON CONFLICT (bib) DO NOTHING;
INSERT INTO couples (bib, leader_id, follower_id, leader_name, follower_name, competition_id) VALUES (64, 59, 149, 'Aaron Fischer', 'Maria Rodriguez', 1) ON CONFLICT (bib) DO NOTHING;
INSERT INTO couples (bib, leader_id, follower_id, leader_name, follower_name, competition_id) VALUES (65, 60, 150, 'Jose Weber', 'Heather Martinez', 1) ON CONFLICT (bib) DO NOTHING;
INSERT INTO couples (bib, leader_id, follower_id, leader_name, follower_name, competition_id) VALUES (66, 61, 151, 'Adam Smith', 'Diane Hernandez', 1) ON CONFLICT (bib) DO NOTHING;
INSERT INTO couples (bib, leader_id, follower_id, leader_name, follower_name, competition_id) VALUES (67, 62, 152, 'Nathan Johnson', 'Ruth Lopez', 1) ON CONFLICT (bib) DO NOTHING;
INSERT INTO couples (bib, leader_id, follower_id, leader_name, follower_name, competition_id) VALUES (68, 63, 153, 'Henry Williams', 'Julie Gonzalez', 1) ON CONFLICT (bib) DO NOTHING;
INSERT INTO couples (bib, leader_id, follower_id, leader_name, follower_name, competition_id) VALUES (69, 64, 154, 'Douglas Brown', 'Olivia Wilson', 1) ON CONFLICT (bib) DO NOTHING;
INSERT INTO couples (bib, leader_id, follower_id, leader_name, follower_name, competition_id) VALUES (70, 65, 155, 'Peter Jones', 'Joyce Anderson', 1) ON CONFLICT (bib) DO NOTHING;
INSERT INTO couples (bib, leader_id, follower_id, leader_name, follower_name, competition_id) VALUES (71, 66, 156, 'Zachary Garcia', 'Virginia Thomas', 1) ON CONFLICT (bib) DO NOTHING;
INSERT INTO couples (bib, leader_id, follower_id, leader_name, follower_name, competition_id) VALUES (72, 67, 157, 'Kyle Miller', 'Victoria Taylor', 1) ON CONFLICT (bib) DO NOTHING;
INSERT INTO couples (bib, leader_id, follower_id, leader_name, follower_name, competition_id) VALUES (73, 68, 158, 'Noah Davis', 'Kelly Moore', 1) ON CONFLICT (bib) DO NOTHING;
INSERT INTO couples (bib, leader_id, follower_id, leader_name, follower_name, competition_id) VALUES (74, 69, 159, 'Ethan Rodriguez', 'Lauren Jackson', 1) ON CONFLICT (bib) DO NOTHING;
INSERT INTO couples (bib, leader_id, follower_id, leader_name, follower_name, competition_id) VALUES (75, 70, 160, 'Jeremy Martinez', 'Christina Martin', 1) ON CONFLICT (bib) DO NOTHING;
INSERT INTO couples (bib, leader_id, follower_id, leader_name, follower_name, competition_id) VALUES (76, 71, 161, 'James Hernandez', 'Mary Lee', 1) ON CONFLICT (bib) DO NOTHING;
INSERT INTO couples (bib, leader_id, follower_id, leader_name, follower_name, competition_id) VALUES (77, 72, 162, 'Robert Lopez', 'Patricia Perez', 1) ON CONFLICT (bib) DO NOTHING;
INSERT INTO couples (bib, leader_id, follower_id, leader_name, follower_name, competition_id) VALUES (78, 73, 163, 'Michael Gonzalez', 'Jennifer Thompson', 1) ON CONFLICT (bib) DO NOTHING;
INSERT INTO couples (bib, leader_id, follower_id, leader_name, follower_name, competition_id) VALUES (79, 74, 164, 'David Wilson', 'Linda White', 1) ON CONFLICT (bib) DO NOTHING;
INSERT INTO couples (bib, leader_id, follower_id, leader_name, follower_name, competition_id) VALUES (80, 75, 165, 'William Anderson', 'Barbara Harris', 1) ON CONFLICT (bib) DO NOTHING;
INSERT INTO couples (bib, leader_id, follower_id, leader_name, follower_name, competition_id) VALUES (81, 76, 166, 'Richard Thomas', 'Elizabeth Sanchez', 1) ON CONFLICT (bib) DO NOTHING;
INSERT INTO couples (bib, leader_id, follower_id, leader_name, follower_name, competition_id) VALUES (82, 77, 167, 'Joseph Taylor', 'Susan Clark', 1) ON CONFLICT (bib) DO NOTHING;
INSERT INTO couples (bib, leader_id, follower_id, leader_name, follower_name, competition_id) VALUES (83, 78, 168, 'Thomas Moore', 'Jessica Ramirez', 1) ON CONFLICT (bib) DO NOTHING;
INSERT INTO couples (bib, leader_id, follower_id, leader_name, follower_name, competition_id) VALUES (84, 79, 169, 'Christopher Jackson', 'Sarah Lewis', 1) ON CONFLICT (bib) DO NOTHING;
INSERT INTO couples (bib, leader_id, follower_id, leader_name, follower_name, competition_id) VALUES (85, 80, 170, 'Daniel Martin', 'Karen Robinson', 1) ON CONFLICT (bib) DO NOTHING;
INSERT INTO couples (bib, leader_id, follower_id, leader_name, follower_name, competition_id) VALUES (86, 81, 171, 'Matthew Lee', 'Lisa Walker', 1) ON CONFLICT (bib) DO NOTHING;
INSERT INTO couples (bib, leader_id, follower_id, leader_name, follower_name, competition_id) VALUES (87, 82, 172, 'Anthony Perez', 'Nancy Young', 1) ON CONFLICT (bib) DO NOTHING;
INSERT INTO couples (bib, leader_id, follower_id, leader_name, follower_name, competition_id) VALUES (88, 83, 173, 'Mark Thompson', 'Betty Allen', 1) ON CONFLICT (bib) DO NOTHING;
INSERT INTO couples (bib, leader_id, follower_id, leader_name, follower_name, competition_id) VALUES (89, 84, 174, 'Steven White', 'Margaret King', 1) ON CONFLICT (bib) DO NOTHING;
INSERT INTO couples (bib, leader_id, follower_id, leader_name, follower_name, competition_id) VALUES (90, 85, 175, 'Paul Harris', 'Sandra Wright', 1) ON CONFLICT (bib) DO NOTHING;
INSERT INTO couples (bib, leader_id, follower_id, leader_name, follower_name, competition_id) VALUES (91, 86, 176, 'Andrew Sanchez', 'Ashley Scott', 1) ON CONFLICT (bib) DO NOTHING;
INSERT INTO couples (bib, leader_id, follower_id, leader_name, follower_name, competition_id) VALUES (92, 87, 177, 'Joshua Clark', 'Dorothy Torres', 1) ON CONFLICT (bib) DO NOTHING;
INSERT INTO couples (bib, leader_id, follower_id, leader_name, follower_name, competition_id) VALUES (93, 88, 178, 'Kenneth Ramirez', 'Kimberly Nguyen', 1) ON CONFLICT (bib) DO NOTHING;
INSERT INTO couples (bib, leader_id, follower_id, leader_name, follower_name, competition_id) VALUES (94, 89, 179, 'Kevin Lewis', 'Emily Hill', 1) ON CONFLICT (bib) DO NOTHING;
INSERT INTO couples (bib, leader_id, follower_id, leader_name, follower_name, competition_id) VALUES (95, 90, 180, 'Brian Robinson', 'Donna Flores', 1) ON CONFLICT (bib) DO NOTHING;
INSERT INTO couples (bib, leader_id, follower_id, leader_name, follower_name, competition_id) VALUES (96, 91, 181, 'George Walker', 'Michelle Green', 1) ON CONFLICT (bib) DO NOTHING;
INSERT INTO couples (bib, leader_id, follower_id, leader_name, follower_name, competition_id) VALUES (97, 92, 182, 'Timothy Young', 'Carol Adams', 1) ON CONFLICT (bib) DO NOTHING;
INSERT INTO couples (bib, leader_id, follower_id, leader_name, follower_name, competition_id) VALUES (98, 93, 183, 'Ronald Allen', 'Amanda Nelson', 1) ON CONFLICT (bib) DO NOTHING;
INSERT INTO couples (bib, leader_id, follower_id, leader_name, follower_name, competition_id) VALUES (99, 94, 184, 'Edward King', 'Melissa Baker', 1) ON CONFLICT (bib) DO NOTHING;
INSERT INTO couples (bib, leader_id, follower_id, leader_name, follower_name, competition_id) VALUES (100, 95, 185, 'Jason Wright', 'Deborah Hall', 1) ON CONFLICT (bib) DO NOTHING;
SELECT setval('couples_bib_seq', GREATEST((SELECT COALESCE(MAX(bib), 0) FROM couples), 100));

-- Judges
INSERT INTO judges (id, name, judge_number, competition_id) VALUES (1, 'Elena Volkov', 1, 1) ON CONFLICT (id) DO NOTHING;
INSERT INTO judges (id, name, judge_number, competition_id) VALUES (2, 'Marcus Chen', 2, 1) ON CONFLICT (id) DO NOTHING;
INSERT INTO judges (id, name, judge_number, competition_id) VALUES (3, 'Isabella Romano', 3, 1) ON CONFLICT (id) DO NOTHING;
INSERT INTO judges (id, name, judge_number, competition_id) VALUES (4, 'Dmitri Petrov', 4, 1) ON CONFLICT (id) DO NOTHING;
INSERT INTO judges (id, name, judge_number, competition_id) VALUES (5, 'Sophia Laurent', 5, 1) ON CONFLICT (id) DO NOTHING;
INSERT INTO judges (id, name, judge_number, competition_id) VALUES (6, 'Hiroshi Tanaka', 6, 1) ON CONFLICT (id) DO NOTHING;
INSERT INTO judges (id, name, judge_number, competition_id) VALUES (7, 'Victoria Blake', 7, 1) ON CONFLICT (id) DO NOTHING;
INSERT INTO judges (id, name, judge_number, competition_id) VALUES (8, 'Rafael Mendez', 8, 1) ON CONFLICT (id) DO NOTHING;
INSERT INTO judges (id, name, judge_number, competition_id) VALUES (9, 'Anastasia Kuznetsova', 9, 1) ON CONFLICT (id) DO NOTHING;
INSERT INTO judges (id, name, judge_number, competition_id) VALUES (10, 'James Blackwood', 10, 1) ON CONFLICT (id) DO NOTHING;
SELECT setval('judges_id_seq', GREATEST((SELECT COALESCE(MAX(id), 0) FROM judges), 10));

-- Events
INSERT INTO events (id, name, designation, syllabus_type, level, style, dances, heats, competition_id, scoring_type, is_scholarship)
  VALUES (1, 'Pro-Am Syllabus Newcomer Smooth Viennese Waltz', 'Pro-Am', 'Syllabus', 'Newcomer', 'Smooth', '["Viennese Waltz"]', '[{"round":"final","bibs":[7,15,32,9],"judges":[1,2,3]}]', 1, 'standard', false) ON CONFLICT (id) DO NOTHING;
INSERT INTO events (id, name, designation, syllabus_type, level, style, dances, heats, competition_id, scoring_type, is_scholarship)
  VALUES (2, 'Pro-Am Syllabus Newcomer Smooth Tango', 'Pro-Am', 'Syllabus', 'Newcomer', 'Smooth', '["Tango"]', '[{"round":"final","bibs":[35,1,6,32],"judges":[1,2,3]}]', 1, 'standard', false) ON CONFLICT (id) DO NOTHING;
INSERT INTO events (id, name, designation, syllabus_type, level, style, dances, heats, competition_id, scoring_type, is_scholarship)
  VALUES (3, 'Pro-Am Syllabus Bronze Smooth Viennese Waltz', 'Pro-Am', 'Syllabus', 'Bronze', 'Smooth', '["Viennese Waltz"]', '[{"round":"semi-final","bibs":[33,38,28,24,42,16,39,48],"judges":[1,2,3]},{"round":"final","bibs":[],"judges":[1,2,3]}]', 1, 'standard', false) ON CONFLICT (id) DO NOTHING;
INSERT INTO events (id, name, designation, syllabus_type, level, style, dances, heats, competition_id, scoring_type, is_scholarship)
  VALUES (4, 'Pro-Am Syllabus Bronze Smooth Foxtrot', 'Pro-Am', 'Syllabus', 'Bronze', 'Smooth', '["Foxtrot"]', '[{"round":"semi-final","bibs":[13,20,47,2,21,46,14,10],"judges":[1,2,3]},{"round":"final","bibs":[],"judges":[1,2,3]}]', 1, 'standard', false) ON CONFLICT (id) DO NOTHING;
INSERT INTO events (id, name, designation, syllabus_type, level, style, dances, heats, competition_id, scoring_type, is_scholarship)
  VALUES (5, 'Pro-Am Syllabus Bronze Smooth Waltz/Tango/Viennese Waltz', 'Pro-Am', 'Syllabus', 'Bronze', 'Smooth', '["Waltz","Tango","Viennese Waltz"]', '[{"round":"semi-final","bibs":[8,22,25,5,44,41,4,10],"judges":[1,2,3]},{"round":"final","bibs":[],"judges":[1,2,3]}]', 1, 'standard', false) ON CONFLICT (id) DO NOTHING;
INSERT INTO events (id, name, designation, syllabus_type, level, style, dances, heats, competition_id, scoring_type, is_scholarship)
  VALUES (6, 'Pro-Am Syllabus Silver Smooth Waltz', 'Pro-Am', 'Syllabus', 'Silver', 'Smooth', '["Waltz"]', '[{"round":"final","bibs":[18,48,1,10,28,39],"judges":[1,2,3,4,5]}]', 1, 'standard', false) ON CONFLICT (id) DO NOTHING;
INSERT INTO events (id, name, designation, syllabus_type, level, style, dances, heats, competition_id, scoring_type, is_scholarship)
  VALUES (7, 'Pro-Am Syllabus Silver Smooth Tango', 'Pro-Am', 'Syllabus', 'Silver', 'Smooth', '["Tango"]', '[{"round":"final","bibs":[29,45,24,50,42,46],"judges":[1,2,3,4,5]}]', 1, 'standard', false) ON CONFLICT (id) DO NOTHING;
INSERT INTO events (id, name, designation, syllabus_type, level, style, dances, heats, competition_id, scoring_type, is_scholarship)
  VALUES (8, 'Pro-Am Syllabus Silver Smooth Waltz/Tango/Foxtrot', 'Pro-Am', 'Syllabus', 'Silver', 'Smooth', '["Waltz","Tango","Foxtrot"]', '[{"round":"final","bibs":[33,12,44,16,19,39],"judges":[1,2,3,4,5]}]', 1, 'standard', false) ON CONFLICT (id) DO NOTHING;
INSERT INTO events (id, name, designation, syllabus_type, level, style, dances, heats, competition_id, scoring_type, is_scholarship)
  VALUES (9, 'Pro-Am Syllabus Gold Smooth Viennese Waltz', 'Pro-Am', 'Syllabus', 'Gold', 'Smooth', '["Viennese Waltz"]', '[{"round":"final","bibs":[27,19,34,43,5],"judges":[1,2,3,4,5]}]', 1, 'standard', false) ON CONFLICT (id) DO NOTHING;
INSERT INTO events (id, name, designation, syllabus_type, level, style, dances, heats, competition_id, scoring_type, is_scholarship)
  VALUES (10, 'Pro-Am Syllabus Gold Smooth Tango', 'Pro-Am', 'Syllabus', 'Gold', 'Smooth', '["Tango"]', '[{"round":"final","bibs":[40,35,26,24,2],"judges":[1,2,3,4,5]}]', 1, 'standard', false) ON CONFLICT (id) DO NOTHING;
INSERT INTO events (id, name, designation, syllabus_type, level, style, dances, heats, competition_id, scoring_type, is_scholarship)
  VALUES (11, 'Pro-Am Syllabus Gold Smooth Waltz/Tango/Viennese Waltz', 'Pro-Am', 'Syllabus', 'Gold', 'Smooth', '["Waltz","Tango","Viennese Waltz"]', '[{"round":"final","bibs":[3,17,13,47,20],"judges":[1,2,3,4,5]}]', 1, 'standard', false) ON CONFLICT (id) DO NOTHING;
INSERT INTO events (id, name, designation, syllabus_type, level, style, dances, heats, competition_id, scoring_type, is_scholarship)
  VALUES (12, 'Pro-Am Syllabus Novice Smooth Viennese Waltz', 'Pro-Am', 'Syllabus', 'Novice', 'Smooth', '["Viennese Waltz"]', '[{"round":"semi-final","bibs":[47,34,45,29,27,38,3,43,4,9],"judges":[1,2,3,4,5]},{"round":"final","bibs":[],"judges":[1,2,3,4,5]}]', 1, 'standard', false) ON CONFLICT (id) DO NOTHING;
INSERT INTO events (id, name, designation, syllabus_type, level, style, dances, heats, competition_id, scoring_type, is_scholarship)
  VALUES (13, 'Pro-Am Syllabus Novice Smooth Foxtrot', 'Pro-Am', 'Syllabus', 'Novice', 'Smooth', '["Foxtrot"]', '[{"round":"semi-final","bibs":[7,44,35,3,6,20,11,47,30,14],"judges":[1,2,3,4,5]},{"round":"final","bibs":[],"judges":[1,2,3,4,5]}]', 1, 'standard', false) ON CONFLICT (id) DO NOTHING;
INSERT INTO events (id, name, designation, syllabus_type, level, style, dances, heats, competition_id, scoring_type, is_scholarship)
  VALUES (14, 'Pro-Am Open Pre-Championship Smooth Foxtrot', 'Pro-Am', 'Open', 'Pre-Championship', 'Smooth', '["Foxtrot"]', '[{"round":"semi-final","bibs":[10,6,34,15,39,23,14,25,40,20,26,43],"judges":[1,2,3,4,5]},{"round":"final","bibs":[],"judges":[1,2,3,4,5]}]', 1, 'standard', false) ON CONFLICT (id) DO NOTHING;
INSERT INTO events (id, name, designation, syllabus_type, level, style, dances, heats, competition_id, scoring_type, is_scholarship)
  VALUES (15, 'Pro-Am Open Pre-Championship Smooth Viennese Waltz', 'Pro-Am', 'Open', 'Pre-Championship', 'Smooth', '["Viennese Waltz"]', '[{"round":"semi-final","bibs":[31,43,5,48,12,14,33,29,47,26,19,44],"judges":[1,2,3,4,5]},{"round":"final","bibs":[],"judges":[1,2,3,4,5]}]', 1, 'standard', false) ON CONFLICT (id) DO NOTHING;
INSERT INTO events (id, name, designation, syllabus_type, level, style, dances, heats, competition_id, scoring_type, is_scholarship)
  VALUES (16, 'Pro-Am Open Championship Smooth Waltz', 'Pro-Am', 'Open', 'Championship', 'Smooth', '["Waltz"]', '[{"round":"quarter-final","bibs":[26,10,17,4,40,49,34,1,18,37,47,23,3,38,7,30],"judges":[1,2,3,4,5,6,7]},{"round":"semi-final","bibs":[],"judges":[1,2,3,4,5,6,7]},{"round":"final","bibs":[],"judges":[1,2,3,4,5,6,7]}]', 1, 'standard', false) ON CONFLICT (id) DO NOTHING;
INSERT INTO events (id, name, designation, syllabus_type, level, style, dances, heats, competition_id, scoring_type, is_scholarship)
  VALUES (17, 'Pro-Am Open Championship Smooth Tango', 'Pro-Am', 'Open', 'Championship', 'Smooth', '["Tango"]', '[{"round":"quarter-final","bibs":[20,45,32,11,10,28,4,22,40,14,26,35,16,23,24,21],"judges":[1,2,3,4,5,6,7]},{"round":"semi-final","bibs":[],"judges":[1,2,3,4,5,6,7]},{"round":"final","bibs":[],"judges":[1,2,3,4,5,6,7]}]', 1, 'standard', false) ON CONFLICT (id) DO NOTHING;
INSERT INTO events (id, name, designation, syllabus_type, level, style, dances, heats, competition_id, scoring_type, is_scholarship)
  VALUES (18, 'Pro-Am Open Championship Smooth Foxtrot', 'Pro-Am', 'Open', 'Championship', 'Smooth', '["Foxtrot"]', '[{"round":"quarter-final","bibs":[42,41,48,28,8,15,38,40,46,39,21,34,19,44,18,30],"judges":[1,2,3,4,5,6,7]},{"round":"semi-final","bibs":[],"judges":[1,2,3,4,5,6,7]},{"round":"final","bibs":[],"judges":[1,2,3,4,5,6,7]}]', 1, 'standard', false) ON CONFLICT (id) DO NOTHING;
INSERT INTO events (id, name, designation, syllabus_type, level, style, dances, heats, competition_id, scoring_type, is_scholarship)
  VALUES (19, 'Pro-Am Open Championship Smooth Viennese Waltz', 'Pro-Am', 'Open', 'Championship', 'Smooth', '["Viennese Waltz"]', '[{"round":"quarter-final","bibs":[16,14,35,25,23,10,22,2,28,50,17,31,45,32,5,33],"judges":[1,2,3,4,5,6,7]},{"round":"semi-final","bibs":[],"judges":[1,2,3,4,5,6,7]},{"round":"final","bibs":[],"judges":[1,2,3,4,5,6,7]}]', 1, 'standard', false) ON CONFLICT (id) DO NOTHING;
INSERT INTO events (id, name, designation, syllabus_type, level, style, dances, heats, competition_id, scoring_type, is_scholarship)
  VALUES (20, 'Pro-Am Syllabus Gold Smooth Waltz/Tango/Foxtrot', 'Pro-Am', 'Syllabus', 'Gold', 'Smooth', '["Waltz","Tango","Foxtrot"]', '[{"round":"final","bibs":[46,11,4,39,27,50],"judges":[1,2,3,4,5]}]', 1, 'standard', true) ON CONFLICT (id) DO NOTHING;
INSERT INTO events (id, name, designation, syllabus_type, level, style, dances, heats, competition_id, scoring_type, is_scholarship)
  VALUES (21, 'Pro-Am Open Championship Smooth Waltz/Tango/Foxtrot', 'Pro-Am', 'Open', 'Championship', 'Smooth', '["Waltz","Tango","Foxtrot"]', '[{"round":"quarter-final","bibs":[19,39,18,4,50,9,13,11,43,42,41,46,29,47,5,2],"judges":[1,2,3,4,5,6,7]},{"round":"semi-final","bibs":[],"judges":[1,2,3,4,5,6,7]},{"round":"final","bibs":[],"judges":[1,2,3,4,5,6,7]}]', 1, 'standard', true) ON CONFLICT (id) DO NOTHING;
INSERT INTO events (id, name, designation, syllabus_type, level, style, dances, heats, competition_id, scoring_type, is_scholarship)
  VALUES (22, 'Pro-Am Syllabus Newcomer Rhythm Bolero', 'Pro-Am', 'Syllabus', 'Newcomer', 'Rhythm', '["Bolero"]', '[{"round":"final","bibs":[40,36,35,50],"judges":[1,2,3]}]', 1, 'standard', false) ON CONFLICT (id) DO NOTHING;
INSERT INTO events (id, name, designation, syllabus_type, level, style, dances, heats, competition_id, scoring_type, is_scholarship)
  VALUES (23, 'Pro-Am Syllabus Newcomer Rhythm East Coast Swing', 'Pro-Am', 'Syllabus', 'Newcomer', 'Rhythm', '["East Coast Swing"]', '[{"round":"final","bibs":[27,28,46,23],"judges":[1,2,3]}]', 1, 'standard', false) ON CONFLICT (id) DO NOTHING;
INSERT INTO events (id, name, designation, syllabus_type, level, style, dances, heats, competition_id, scoring_type, is_scholarship)
  VALUES (24, 'Pro-Am Syllabus Bronze Rhythm Cha Cha', 'Pro-Am', 'Syllabus', 'Bronze', 'Rhythm', '["Cha Cha"]', '[{"round":"semi-final","bibs":[6,40,20,14,43,41,42,10],"judges":[1,2,3]},{"round":"final","bibs":[],"judges":[1,2,3]}]', 1, 'standard', false) ON CONFLICT (id) DO NOTHING;
INSERT INTO events (id, name, designation, syllabus_type, level, style, dances, heats, competition_id, scoring_type, is_scholarship)
  VALUES (25, 'Pro-Am Syllabus Bronze Rhythm Bolero', 'Pro-Am', 'Syllabus', 'Bronze', 'Rhythm', '["Bolero"]', '[{"round":"semi-final","bibs":[29,37,1,16,26,43,27,24],"judges":[1,2,3]},{"round":"final","bibs":[],"judges":[1,2,3]}]', 1, 'standard', false) ON CONFLICT (id) DO NOTHING;
INSERT INTO events (id, name, designation, syllabus_type, level, style, dances, heats, competition_id, scoring_type, is_scholarship)
  VALUES (26, 'Pro-Am Syllabus Bronze Rhythm East Coast Swing/Rumba/Mambo', 'Pro-Am', 'Syllabus', 'Bronze', 'Rhythm', '["East Coast Swing","Rumba","Mambo"]', '[{"round":"semi-final","bibs":[45,22,3,21,32,15,14,46],"judges":[1,2,3]},{"round":"final","bibs":[],"judges":[1,2,3]}]', 1, 'standard', false) ON CONFLICT (id) DO NOTHING;
INSERT INTO events (id, name, designation, syllabus_type, level, style, dances, heats, competition_id, scoring_type, is_scholarship)
  VALUES (27, 'Pro-Am Syllabus Silver Rhythm East Coast Swing', 'Pro-Am', 'Syllabus', 'Silver', 'Rhythm', '["East Coast Swing"]', '[{"round":"final","bibs":[34,48,46,45,3,25],"judges":[1,2,3,4,5]}]', 1, 'standard', false) ON CONFLICT (id) DO NOTHING;
INSERT INTO events (id, name, designation, syllabus_type, level, style, dances, heats, competition_id, scoring_type, is_scholarship)
  VALUES (28, 'Pro-Am Syllabus Silver Rhythm Rumba', 'Pro-Am', 'Syllabus', 'Silver', 'Rhythm', '["Rumba"]', '[{"round":"final","bibs":[23,46,21,17,50,33],"judges":[1,2,3,4,5]}]', 1, 'standard', false) ON CONFLICT (id) DO NOTHING;
INSERT INTO events (id, name, designation, syllabus_type, level, style, dances, heats, competition_id, scoring_type, is_scholarship)
  VALUES (29, 'Pro-Am Syllabus Silver Rhythm Bolero/Mambo/East Coast Swing', 'Pro-Am', 'Syllabus', 'Silver', 'Rhythm', '["Bolero","Mambo","East Coast Swing"]', '[{"round":"final","bibs":[5,42,6,37,1,50],"judges":[1,2,3,4,5]}]', 1, 'standard', false) ON CONFLICT (id) DO NOTHING;
INSERT INTO events (id, name, designation, syllabus_type, level, style, dances, heats, competition_id, scoring_type, is_scholarship)
  VALUES (30, 'Pro-Am Syllabus Gold Rhythm Rumba', 'Pro-Am', 'Syllabus', 'Gold', 'Rhythm', '["Rumba"]', '[{"round":"final","bibs":[22,6,37,17,1],"judges":[1,2,3,4,5]}]', 1, 'standard', false) ON CONFLICT (id) DO NOTHING;
INSERT INTO events (id, name, designation, syllabus_type, level, style, dances, heats, competition_id, scoring_type, is_scholarship)
  VALUES (31, 'Pro-Am Syllabus Gold Rhythm Cha Cha', 'Pro-Am', 'Syllabus', 'Gold', 'Rhythm', '["Cha Cha"]', '[{"round":"final","bibs":[38,22,42,44,34],"judges":[1,2,3,4,5]}]', 1, 'standard', false) ON CONFLICT (id) DO NOTHING;
INSERT INTO events (id, name, designation, syllabus_type, level, style, dances, heats, competition_id, scoring_type, is_scholarship)
  VALUES (32, 'Pro-Am Syllabus Gold Rhythm Cha Cha/Bolero/Rumba', 'Pro-Am', 'Syllabus', 'Gold', 'Rhythm', '["Cha Cha","Bolero","Rumba"]', '[{"round":"final","bibs":[27,39,15,7,24],"judges":[1,2,3,4,5]}]', 1, 'standard', false) ON CONFLICT (id) DO NOTHING;
INSERT INTO events (id, name, designation, syllabus_type, level, style, dances, heats, competition_id, scoring_type, is_scholarship)
  VALUES (33, 'Pro-Am Syllabus Novice Rhythm Bolero', 'Pro-Am', 'Syllabus', 'Novice', 'Rhythm', '["Bolero"]', '[{"round":"semi-final","bibs":[9,12,44,27,18,33,25,29,35,17],"judges":[1,2,3,4,5]},{"round":"final","bibs":[],"judges":[1,2,3,4,5]}]', 1, 'standard', false) ON CONFLICT (id) DO NOTHING;
INSERT INTO events (id, name, designation, syllabus_type, level, style, dances, heats, competition_id, scoring_type, is_scholarship)
  VALUES (34, 'Pro-Am Syllabus Novice Rhythm Cha Cha', 'Pro-Am', 'Syllabus', 'Novice', 'Rhythm', '["Cha Cha"]', '[{"round":"semi-final","bibs":[13,7,28,1,47,32,20,49,17,4],"judges":[1,2,3,4,5]},{"round":"final","bibs":[],"judges":[1,2,3,4,5]}]', 1, 'standard', false) ON CONFLICT (id) DO NOTHING;
INSERT INTO events (id, name, designation, syllabus_type, level, style, dances, heats, competition_id, scoring_type, is_scholarship)
  VALUES (35, 'Pro-Am Open Pre-Championship Rhythm Rumba', 'Pro-Am', 'Open', 'Pre-Championship', 'Rhythm', '["Rumba"]', '[{"round":"semi-final","bibs":[45,15,20,3,31,5,9,11,37,24,26,25],"judges":[1,2,3,4,5]},{"round":"final","bibs":[],"judges":[1,2,3,4,5]}]', 1, 'standard', false) ON CONFLICT (id) DO NOTHING;
INSERT INTO events (id, name, designation, syllabus_type, level, style, dances, heats, competition_id, scoring_type, is_scholarship)
  VALUES (36, 'Pro-Am Open Pre-Championship Rhythm Mambo', 'Pro-Am', 'Open', 'Pre-Championship', 'Rhythm', '["Mambo"]', '[{"round":"semi-final","bibs":[46,14,42,1,36,28,38,5,22,41,48,6],"judges":[1,2,3,4,5]},{"round":"final","bibs":[],"judges":[1,2,3,4,5]}]', 1, 'standard', false) ON CONFLICT (id) DO NOTHING;
INSERT INTO events (id, name, designation, syllabus_type, level, style, dances, heats, competition_id, scoring_type, is_scholarship)
  VALUES (37, 'Pro-Am Open Championship Rhythm Cha Cha', 'Pro-Am', 'Open', 'Championship', 'Rhythm', '["Cha Cha"]', '[{"round":"quarter-final","bibs":[6,43,42,5,35,31,50,8,12,9,17,32,48,22,26,49],"judges":[1,2,3,4,5,6,7]},{"round":"semi-final","bibs":[],"judges":[1,2,3,4,5,6,7]},{"round":"final","bibs":[],"judges":[1,2,3,4,5,6,7]}]', 1, 'standard', false) ON CONFLICT (id) DO NOTHING;
INSERT INTO events (id, name, designation, syllabus_type, level, style, dances, heats, competition_id, scoring_type, is_scholarship)
  VALUES (38, 'Pro-Am Open Championship Rhythm Rumba', 'Pro-Am', 'Open', 'Championship', 'Rhythm', '["Rumba"]', '[{"round":"quarter-final","bibs":[3,25,23,49,38,4,19,50,35,9,40,17,33,44,5,18],"judges":[1,2,3,4,5,6,7]},{"round":"semi-final","bibs":[],"judges":[1,2,3,4,5,6,7]},{"round":"final","bibs":[],"judges":[1,2,3,4,5,6,7]}]', 1, 'standard', false) ON CONFLICT (id) DO NOTHING;
INSERT INTO events (id, name, designation, syllabus_type, level, style, dances, heats, competition_id, scoring_type, is_scholarship)
  VALUES (39, 'Pro-Am Open Championship Rhythm East Coast Swing', 'Pro-Am', 'Open', 'Championship', 'Rhythm', '["East Coast Swing"]', '[{"round":"quarter-final","bibs":[1,17,3,26,8,23,37,46,21,49,6,19,48,43,10,34],"judges":[1,2,3,4,5,6,7]},{"round":"semi-final","bibs":[],"judges":[1,2,3,4,5,6,7]},{"round":"final","bibs":[],"judges":[1,2,3,4,5,6,7]}]', 1, 'standard', false) ON CONFLICT (id) DO NOTHING;
INSERT INTO events (id, name, designation, syllabus_type, level, style, dances, heats, competition_id, scoring_type, is_scholarship)
  VALUES (40, 'Pro-Am Open Championship Rhythm Bolero', 'Pro-Am', 'Open', 'Championship', 'Rhythm', '["Bolero"]', '[{"round":"quarter-final","bibs":[48,35,38,24,32,13,42,34,15,29,39,1,7,18,2,44],"judges":[1,2,3,4,5,6,7]},{"round":"semi-final","bibs":[],"judges":[1,2,3,4,5,6,7]},{"round":"final","bibs":[],"judges":[1,2,3,4,5,6,7]}]', 1, 'standard', false) ON CONFLICT (id) DO NOTHING;
INSERT INTO events (id, name, designation, syllabus_type, level, style, dances, heats, competition_id, scoring_type, is_scholarship)
  VALUES (41, 'Pro-Am Open Championship Rhythm Mambo', 'Pro-Am', 'Open', 'Championship', 'Rhythm', '["Mambo"]', '[{"round":"quarter-final","bibs":[45,36,6,29,9,24,43,7,13,27,1,32,48,50,39,35],"judges":[1,2,3,4,5,6,7]},{"round":"semi-final","bibs":[],"judges":[1,2,3,4,5,6,7]},{"round":"final","bibs":[],"judges":[1,2,3,4,5,6,7]}]', 1, 'standard', false) ON CONFLICT (id) DO NOTHING;
INSERT INTO events (id, name, designation, syllabus_type, level, style, dances, heats, competition_id, scoring_type, is_scholarship)
  VALUES (42, 'Pro-Am Syllabus Gold Rhythm Cha Cha/Rumba/East Coast Swing', 'Pro-Am', 'Syllabus', 'Gold', 'Rhythm', '["Cha Cha","Rumba","East Coast Swing"]', '[{"round":"final","bibs":[1,17,30,26,24,20],"judges":[1,2,3,4,5]}]', 1, 'standard', true) ON CONFLICT (id) DO NOTHING;
INSERT INTO events (id, name, designation, syllabus_type, level, style, dances, heats, competition_id, scoring_type, is_scholarship)
  VALUES (43, 'Pro-Am Open Championship Rhythm Cha Cha/Rumba/East Coast Swing', 'Pro-Am', 'Open', 'Championship', 'Rhythm', '["Cha Cha","Rumba","East Coast Swing"]', '[{"round":"quarter-final","bibs":[36,14,13,25,22,44,40,45,20,47,34,26,23,8,24,17],"judges":[1,2,3,4,5,6,7]},{"round":"semi-final","bibs":[],"judges":[1,2,3,4,5,6,7]},{"round":"final","bibs":[],"judges":[1,2,3,4,5,6,7]}]', 1, 'standard', true) ON CONFLICT (id) DO NOTHING;
INSERT INTO events (id, name, designation, syllabus_type, level, style, dances, heats, competition_id, scoring_type, is_scholarship)
  VALUES (44, 'Pro-Am Syllabus Newcomer Standard Waltz', 'Pro-Am', 'Syllabus', 'Newcomer', 'Standard', '["Waltz"]', '[{"round":"final","bibs":[19,45,27,20],"judges":[1,2,3]}]', 1, 'standard', false) ON CONFLICT (id) DO NOTHING;
INSERT INTO events (id, name, designation, syllabus_type, level, style, dances, heats, competition_id, scoring_type, is_scholarship)
  VALUES (45, 'Pro-Am Syllabus Newcomer Standard Tango', 'Pro-Am', 'Syllabus', 'Newcomer', 'Standard', '["Tango"]', '[{"round":"final","bibs":[40,49,20,32],"judges":[1,2,3]}]', 1, 'standard', false) ON CONFLICT (id) DO NOTHING;
INSERT INTO events (id, name, designation, syllabus_type, level, style, dances, heats, competition_id, scoring_type, is_scholarship)
  VALUES (46, 'Pro-Am Syllabus Bronze Standard Tango', 'Pro-Am', 'Syllabus', 'Bronze', 'Standard', '["Tango"]', '[{"round":"semi-final","bibs":[48,31,23,7,33,24,46,27],"judges":[1,2,3]},{"round":"final","bibs":[],"judges":[1,2,3]}]', 1, 'standard', false) ON CONFLICT (id) DO NOTHING;
INSERT INTO events (id, name, designation, syllabus_type, level, style, dances, heats, competition_id, scoring_type, is_scholarship)
  VALUES (47, 'Pro-Am Syllabus Bronze Standard Waltz', 'Pro-Am', 'Syllabus', 'Bronze', 'Standard', '["Waltz"]', '[{"round":"semi-final","bibs":[19,29,31,33,47,11,21,10],"judges":[1,2,3]},{"round":"final","bibs":[],"judges":[1,2,3]}]', 1, 'standard', false) ON CONFLICT (id) DO NOTHING;
INSERT INTO events (id, name, designation, syllabus_type, level, style, dances, heats, competition_id, scoring_type, is_scholarship)
  VALUES (48, 'Pro-Am Syllabus Bronze Standard Waltz/Tango/Quickstep', 'Pro-Am', 'Syllabus', 'Bronze', 'Standard', '["Waltz","Tango","Quickstep"]', '[{"round":"semi-final","bibs":[44,40,26,42,32,15,35,16],"judges":[1,2,3]},{"round":"final","bibs":[],"judges":[1,2,3]}]', 1, 'standard', false) ON CONFLICT (id) DO NOTHING;
INSERT INTO events (id, name, designation, syllabus_type, level, style, dances, heats, competition_id, scoring_type, is_scholarship)
  VALUES (49, 'Pro-Am Syllabus Silver Standard Quickstep', 'Pro-Am', 'Syllabus', 'Silver', 'Standard', '["Quickstep"]', '[{"round":"final","bibs":[2,8,31,41,37,39],"judges":[1,2,3,4,5]}]', 1, 'standard', false) ON CONFLICT (id) DO NOTHING;
INSERT INTO events (id, name, designation, syllabus_type, level, style, dances, heats, competition_id, scoring_type, is_scholarship)
  VALUES (50, 'Pro-Am Syllabus Silver Standard Foxtrot', 'Pro-Am', 'Syllabus', 'Silver', 'Standard', '["Foxtrot"]', '[{"round":"final","bibs":[9,1,3,50,16,44],"judges":[1,2,3,4,5]}]', 1, 'standard', false) ON CONFLICT (id) DO NOTHING;
INSERT INTO events (id, name, designation, syllabus_type, level, style, dances, heats, competition_id, scoring_type, is_scholarship)
  VALUES (51, 'Pro-Am Syllabus Silver Standard Viennese Waltz/Tango/Quickstep', 'Pro-Am', 'Syllabus', 'Silver', 'Standard', '["Viennese Waltz","Tango","Quickstep"]', '[{"round":"final","bibs":[19,16,23,28,11,38],"judges":[1,2,3,4,5]}]', 1, 'standard', false) ON CONFLICT (id) DO NOTHING;
INSERT INTO events (id, name, designation, syllabus_type, level, style, dances, heats, competition_id, scoring_type, is_scholarship)
  VALUES (52, 'Pro-Am Syllabus Gold Standard Viennese Waltz', 'Pro-Am', 'Syllabus', 'Gold', 'Standard', '["Viennese Waltz"]', '[{"round":"final","bibs":[11,20,12,46,22],"judges":[1,2,3,4,5]}]', 1, 'standard', false) ON CONFLICT (id) DO NOTHING;
INSERT INTO events (id, name, designation, syllabus_type, level, style, dances, heats, competition_id, scoring_type, is_scholarship)
  VALUES (53, 'Pro-Am Syllabus Gold Standard Quickstep', 'Pro-Am', 'Syllabus', 'Gold', 'Standard', '["Quickstep"]', '[{"round":"final","bibs":[49,44,36,31,35],"judges":[1,2,3,4,5]}]', 1, 'standard', false) ON CONFLICT (id) DO NOTHING;
INSERT INTO events (id, name, designation, syllabus_type, level, style, dances, heats, competition_id, scoring_type, is_scholarship)
  VALUES (54, 'Pro-Am Syllabus Gold Standard Waltz/Tango/Foxtrot', 'Pro-Am', 'Syllabus', 'Gold', 'Standard', '["Waltz","Tango","Foxtrot"]', '[{"round":"final","bibs":[11,2,49,38,46],"judges":[1,2,3,4,5]}]', 1, 'standard', false) ON CONFLICT (id) DO NOTHING;
INSERT INTO events (id, name, designation, syllabus_type, level, style, dances, heats, competition_id, scoring_type, is_scholarship)
  VALUES (55, 'Pro-Am Syllabus Novice Standard Waltz', 'Pro-Am', 'Syllabus', 'Novice', 'Standard', '["Waltz"]', '[{"round":"semi-final","bibs":[31,13,10,47,30,6,48,42,14,34],"judges":[1,2,3,4,5]},{"round":"final","bibs":[],"judges":[1,2,3,4,5]}]', 1, 'standard', false) ON CONFLICT (id) DO NOTHING;
INSERT INTO events (id, name, designation, syllabus_type, level, style, dances, heats, competition_id, scoring_type, is_scholarship)
  VALUES (56, 'Pro-Am Syllabus Novice Standard Viennese Waltz', 'Pro-Am', 'Syllabus', 'Novice', 'Standard', '["Viennese Waltz"]', '[{"round":"semi-final","bibs":[6,40,18,47,49,14,7,1,12,3],"judges":[1,2,3,4,5]},{"round":"final","bibs":[],"judges":[1,2,3,4,5]}]', 1, 'standard', false) ON CONFLICT (id) DO NOTHING;
INSERT INTO events (id, name, designation, syllabus_type, level, style, dances, heats, competition_id, scoring_type, is_scholarship)
  VALUES (57, 'Pro-Am Open Pre-Championship Standard Quickstep', 'Pro-Am', 'Open', 'Pre-Championship', 'Standard', '["Quickstep"]', '[{"round":"semi-final","bibs":[10,8,48,31,49,42,21,6,15,16,40,37],"judges":[1,2,3,4,5]},{"round":"final","bibs":[],"judges":[1,2,3,4,5]}]', 1, 'standard', false) ON CONFLICT (id) DO NOTHING;
INSERT INTO events (id, name, designation, syllabus_type, level, style, dances, heats, competition_id, scoring_type, is_scholarship)
  VALUES (58, 'Pro-Am Open Pre-Championship Standard Waltz', 'Pro-Am', 'Open', 'Pre-Championship', 'Standard', '["Waltz"]', '[{"round":"semi-final","bibs":[35,4,14,50,24,37,8,45,47,5,28,26],"judges":[1,2,3,4,5]},{"round":"final","bibs":[],"judges":[1,2,3,4,5]}]', 1, 'standard', false) ON CONFLICT (id) DO NOTHING;
INSERT INTO events (id, name, designation, syllabus_type, level, style, dances, heats, competition_id, scoring_type, is_scholarship)
  VALUES (59, 'Pro-Am Open Championship Standard Waltz', 'Pro-Am', 'Open', 'Championship', 'Standard', '["Waltz"]', '[{"round":"quarter-final","bibs":[27,16,47,26,45,37,7,22,42,5,50,35,46,40,44,29],"judges":[1,2,3,4,5,6,7]},{"round":"semi-final","bibs":[],"judges":[1,2,3,4,5,6,7]},{"round":"final","bibs":[],"judges":[1,2,3,4,5,6,7]}]', 1, 'standard', false) ON CONFLICT (id) DO NOTHING;
INSERT INTO events (id, name, designation, syllabus_type, level, style, dances, heats, competition_id, scoring_type, is_scholarship)
  VALUES (60, 'Pro-Am Open Championship Standard Tango', 'Pro-Am', 'Open', 'Championship', 'Standard', '["Tango"]', '[{"round":"quarter-final","bibs":[26,37,38,42,49,29,24,36,25,18,3,30,10,20,2,4],"judges":[1,2,3,4,5,6,7]},{"round":"semi-final","bibs":[],"judges":[1,2,3,4,5,6,7]},{"round":"final","bibs":[],"judges":[1,2,3,4,5,6,7]}]', 1, 'standard', false) ON CONFLICT (id) DO NOTHING;
INSERT INTO events (id, name, designation, syllabus_type, level, style, dances, heats, competition_id, scoring_type, is_scholarship)
  VALUES (61, 'Pro-Am Open Championship Standard Viennese Waltz', 'Pro-Am', 'Open', 'Championship', 'Standard', '["Viennese Waltz"]', '[{"round":"quarter-final","bibs":[6,43,16,48,26,49,47,1,20,38,35,14,21,22,4,17],"judges":[1,2,3,4,5,6,7]},{"round":"semi-final","bibs":[],"judges":[1,2,3,4,5,6,7]},{"round":"final","bibs":[],"judges":[1,2,3,4,5,6,7]}]', 1, 'standard', false) ON CONFLICT (id) DO NOTHING;
INSERT INTO events (id, name, designation, syllabus_type, level, style, dances, heats, competition_id, scoring_type, is_scholarship)
  VALUES (62, 'Pro-Am Open Championship Standard Foxtrot', 'Pro-Am', 'Open', 'Championship', 'Standard', '["Foxtrot"]', '[{"round":"quarter-final","bibs":[9,34,26,45,19,15,36,7,14,48,43,41,46,29,21,22],"judges":[1,2,3,4,5,6,7]},{"round":"semi-final","bibs":[],"judges":[1,2,3,4,5,6,7]},{"round":"final","bibs":[],"judges":[1,2,3,4,5,6,7]}]', 1, 'standard', false) ON CONFLICT (id) DO NOTHING;
INSERT INTO events (id, name, designation, syllabus_type, level, style, dances, heats, competition_id, scoring_type, is_scholarship)
  VALUES (63, 'Pro-Am Open Championship Standard Quickstep', 'Pro-Am', 'Open', 'Championship', 'Standard', '["Quickstep"]', '[{"round":"quarter-final","bibs":[27,6,10,4,17,38,41,45,36,42,44,46,31,23,3,19],"judges":[1,2,3,4,5,6,7]},{"round":"semi-final","bibs":[],"judges":[1,2,3,4,5,6,7]},{"round":"final","bibs":[],"judges":[1,2,3,4,5,6,7]}]', 1, 'standard', false) ON CONFLICT (id) DO NOTHING;
INSERT INTO events (id, name, designation, syllabus_type, level, style, dances, heats, competition_id, scoring_type, is_scholarship)
  VALUES (64, 'Pro-Am Syllabus Gold Standard Waltz/Tango/Viennese Waltz', 'Pro-Am', 'Syllabus', 'Gold', 'Standard', '["Waltz","Tango","Viennese Waltz"]', '[{"round":"final","bibs":[34,23,28,4,35,15],"judges":[1,2,3,4,5]}]', 1, 'standard', true) ON CONFLICT (id) DO NOTHING;
INSERT INTO events (id, name, designation, syllabus_type, level, style, dances, heats, competition_id, scoring_type, is_scholarship)
  VALUES (65, 'Pro-Am Open Championship Standard Waltz/Tango/Viennese Waltz', 'Pro-Am', 'Open', 'Championship', 'Standard', '["Waltz","Tango","Viennese Waltz"]', '[{"round":"quarter-final","bibs":[32,33,47,40,42,46,18,13,23,12,44,11,24,4,26,27],"judges":[1,2,3,4,5,6,7]},{"round":"semi-final","bibs":[],"judges":[1,2,3,4,5,6,7]},{"round":"final","bibs":[],"judges":[1,2,3,4,5,6,7]}]', 1, 'standard', true) ON CONFLICT (id) DO NOTHING;
INSERT INTO events (id, name, designation, syllabus_type, level, style, dances, heats, competition_id, scoring_type, is_scholarship)
  VALUES (66, 'Pro-Am Syllabus Newcomer Latin Paso Doble', 'Pro-Am', 'Syllabus', 'Newcomer', 'Latin', '["Paso Doble"]', '[{"round":"final","bibs":[45,48,5,46],"judges":[1,2,3]}]', 1, 'standard', false) ON CONFLICT (id) DO NOTHING;
INSERT INTO events (id, name, designation, syllabus_type, level, style, dances, heats, competition_id, scoring_type, is_scholarship)
  VALUES (67, 'Pro-Am Syllabus Newcomer Latin Rumba', 'Pro-Am', 'Syllabus', 'Newcomer', 'Latin', '["Rumba"]', '[{"round":"final","bibs":[21,39,46,42],"judges":[1,2,3]}]', 1, 'standard', false) ON CONFLICT (id) DO NOTHING;
INSERT INTO events (id, name, designation, syllabus_type, level, style, dances, heats, competition_id, scoring_type, is_scholarship)
  VALUES (68, 'Pro-Am Syllabus Bronze Latin Rumba', 'Pro-Am', 'Syllabus', 'Bronze', 'Latin', '["Rumba"]', '[{"round":"semi-final","bibs":[1,2,10,31,38,24,11,17],"judges":[1,2,3]},{"round":"final","bibs":[],"judges":[1,2,3]}]', 1, 'standard', false) ON CONFLICT (id) DO NOTHING;
INSERT INTO events (id, name, designation, syllabus_type, level, style, dances, heats, competition_id, scoring_type, is_scholarship)
  VALUES (69, 'Pro-Am Syllabus Bronze Latin Paso Doble', 'Pro-Am', 'Syllabus', 'Bronze', 'Latin', '["Paso Doble"]', '[{"round":"semi-final","bibs":[47,48,24,25,31,29,21,35],"judges":[1,2,3]},{"round":"final","bibs":[],"judges":[1,2,3]}]', 1, 'standard', false) ON CONFLICT (id) DO NOTHING;
INSERT INTO events (id, name, designation, syllabus_type, level, style, dances, heats, competition_id, scoring_type, is_scholarship)
  VALUES (70, 'Pro-Am Syllabus Bronze Latin Paso Doble/Rumba/Cha Cha', 'Pro-Am', 'Syllabus', 'Bronze', 'Latin', '["Paso Doble","Rumba","Cha Cha"]', '[{"round":"semi-final","bibs":[27,11,23,49,16,28,21,37],"judges":[1,2,3]},{"round":"final","bibs":[],"judges":[1,2,3]}]', 1, 'standard', false) ON CONFLICT (id) DO NOTHING;
INSERT INTO events (id, name, designation, syllabus_type, level, style, dances, heats, competition_id, scoring_type, is_scholarship)
  VALUES (71, 'Pro-Am Syllabus Silver Latin Jive', 'Pro-Am', 'Syllabus', 'Silver', 'Latin', '["Jive"]', '[{"round":"final","bibs":[36,2,29,11,17,38],"judges":[1,2,3,4,5]}]', 1, 'standard', false) ON CONFLICT (id) DO NOTHING;
INSERT INTO events (id, name, designation, syllabus_type, level, style, dances, heats, competition_id, scoring_type, is_scholarship)
  VALUES (72, 'Pro-Am Syllabus Silver Latin Rumba', 'Pro-Am', 'Syllabus', 'Silver', 'Latin', '["Rumba"]', '[{"round":"final","bibs":[7,20,8,16,43,49],"judges":[1,2,3,4,5]}]', 1, 'standard', false) ON CONFLICT (id) DO NOTHING;
INSERT INTO events (id, name, designation, syllabus_type, level, style, dances, heats, competition_id, scoring_type, is_scholarship)
  VALUES (73, 'Pro-Am Syllabus Silver Latin Cha Cha/Paso Doble/Jive', 'Pro-Am', 'Syllabus', 'Silver', 'Latin', '["Cha Cha","Paso Doble","Jive"]', '[{"round":"final","bibs":[38,4,1,8,45,24],"judges":[1,2,3,4,5]}]', 1, 'standard', false) ON CONFLICT (id) DO NOTHING;
INSERT INTO events (id, name, designation, syllabus_type, level, style, dances, heats, competition_id, scoring_type, is_scholarship)
  VALUES (74, 'Pro-Am Syllabus Gold Latin Rumba', 'Pro-Am', 'Syllabus', 'Gold', 'Latin', '["Rumba"]', '[{"round":"final","bibs":[42,45,28,14,2],"judges":[1,2,3,4,5]}]', 1, 'standard', false) ON CONFLICT (id) DO NOTHING;
INSERT INTO events (id, name, designation, syllabus_type, level, style, dances, heats, competition_id, scoring_type, is_scholarship)
  VALUES (75, 'Pro-Am Syllabus Gold Latin Samba', 'Pro-Am', 'Syllabus', 'Gold', 'Latin', '["Samba"]', '[{"round":"final","bibs":[35,21,8,27,10],"judges":[1,2,3,4,5]}]', 1, 'standard', false) ON CONFLICT (id) DO NOTHING;
INSERT INTO events (id, name, designation, syllabus_type, level, style, dances, heats, competition_id, scoring_type, is_scholarship)
  VALUES (76, 'Pro-Am Syllabus Gold Latin Cha Cha/Samba/Rumba', 'Pro-Am', 'Syllabus', 'Gold', 'Latin', '["Cha Cha","Samba","Rumba"]', '[{"round":"final","bibs":[9,8,17,10,13],"judges":[1,2,3,4,5]}]', 1, 'standard', false) ON CONFLICT (id) DO NOTHING;
INSERT INTO events (id, name, designation, syllabus_type, level, style, dances, heats, competition_id, scoring_type, is_scholarship)
  VALUES (77, 'Pro-Am Syllabus Novice Latin Cha Cha', 'Pro-Am', 'Syllabus', 'Novice', 'Latin', '["Cha Cha"]', '[{"round":"semi-final","bibs":[17,3,26,10,47,22,6,19,49,45],"judges":[1,2,3,4,5]},{"round":"final","bibs":[],"judges":[1,2,3,4,5]}]', 1, 'standard', false) ON CONFLICT (id) DO NOTHING;
INSERT INTO events (id, name, designation, syllabus_type, level, style, dances, heats, competition_id, scoring_type, is_scholarship)
  VALUES (78, 'Pro-Am Syllabus Novice Latin Samba', 'Pro-Am', 'Syllabus', 'Novice', 'Latin', '["Samba"]', '[{"round":"semi-final","bibs":[37,42,13,19,16,40,23,18,34,43],"judges":[1,2,3,4,5]},{"round":"final","bibs":[],"judges":[1,2,3,4,5]}]', 1, 'standard', false) ON CONFLICT (id) DO NOTHING;
INSERT INTO events (id, name, designation, syllabus_type, level, style, dances, heats, competition_id, scoring_type, is_scholarship)
  VALUES (79, 'Pro-Am Open Pre-Championship Latin Cha Cha', 'Pro-Am', 'Open', 'Pre-Championship', 'Latin', '["Cha Cha"]', '[{"round":"semi-final","bibs":[40,7,20,33,45,34,30,29,6,23,14,38],"judges":[1,2,3,4,5]},{"round":"final","bibs":[],"judges":[1,2,3,4,5]}]', 1, 'standard', false) ON CONFLICT (id) DO NOTHING;
INSERT INTO events (id, name, designation, syllabus_type, level, style, dances, heats, competition_id, scoring_type, is_scholarship)
  VALUES (80, 'Pro-Am Open Pre-Championship Latin Samba', 'Pro-Am', 'Open', 'Pre-Championship', 'Latin', '["Samba"]', '[{"round":"semi-final","bibs":[11,16,9,24,14,12,4,27,41,2,6,3],"judges":[1,2,3,4,5]},{"round":"final","bibs":[],"judges":[1,2,3,4,5]}]', 1, 'standard', false) ON CONFLICT (id) DO NOTHING;
INSERT INTO events (id, name, designation, syllabus_type, level, style, dances, heats, competition_id, scoring_type, is_scholarship)
  VALUES (81, 'Pro-Am Open Championship Latin Cha Cha', 'Pro-Am', 'Open', 'Championship', 'Latin', '["Cha Cha"]', '[{"round":"quarter-final","bibs":[33,7,31,11,44,22,25,9,38,49,34,29,30,21,47,5],"judges":[1,2,3,4,5,6,7]},{"round":"semi-final","bibs":[],"judges":[1,2,3,4,5,6,7]},{"round":"final","bibs":[],"judges":[1,2,3,4,5,6,7]}]', 1, 'standard', false) ON CONFLICT (id) DO NOTHING;
INSERT INTO events (id, name, designation, syllabus_type, level, style, dances, heats, competition_id, scoring_type, is_scholarship)
  VALUES (82, 'Pro-Am Open Championship Latin Samba', 'Pro-Am', 'Open', 'Championship', 'Latin', '["Samba"]', '[{"round":"quarter-final","bibs":[7,24,42,38,11,41,21,46,30,31,47,8,4,48,28,34],"judges":[1,2,3,4,5,6,7]},{"round":"semi-final","bibs":[],"judges":[1,2,3,4,5,6,7]},{"round":"final","bibs":[],"judges":[1,2,3,4,5,6,7]}]', 1, 'standard', false) ON CONFLICT (id) DO NOTHING;
INSERT INTO events (id, name, designation, syllabus_type, level, style, dances, heats, competition_id, scoring_type, is_scholarship)
  VALUES (83, 'Pro-Am Open Championship Latin Rumba', 'Pro-Am', 'Open', 'Championship', 'Latin', '["Rumba"]', '[{"round":"quarter-final","bibs":[45,44,40,7,26,42,6,9,16,46,29,43,27,10,38,15],"judges":[1,2,3,4,5,6,7]},{"round":"semi-final","bibs":[],"judges":[1,2,3,4,5,6,7]},{"round":"final","bibs":[],"judges":[1,2,3,4,5,6,7]}]', 1, 'standard', false) ON CONFLICT (id) DO NOTHING;
INSERT INTO events (id, name, designation, syllabus_type, level, style, dances, heats, competition_id, scoring_type, is_scholarship)
  VALUES (84, 'Pro-Am Open Championship Latin Paso Doble', 'Pro-Am', 'Open', 'Championship', 'Latin', '["Paso Doble"]', '[{"round":"quarter-final","bibs":[20,29,43,14,49,32,27,25,11,16,17,33,22,26,7,19],"judges":[1,2,3,4,5,6,7]},{"round":"semi-final","bibs":[],"judges":[1,2,3,4,5,6,7]},{"round":"final","bibs":[],"judges":[1,2,3,4,5,6,7]}]', 1, 'standard', false) ON CONFLICT (id) DO NOTHING;
INSERT INTO events (id, name, designation, syllabus_type, level, style, dances, heats, competition_id, scoring_type, is_scholarship)
  VALUES (85, 'Pro-Am Open Championship Latin Jive', 'Pro-Am', 'Open', 'Championship', 'Latin', '["Jive"]', '[{"round":"quarter-final","bibs":[18,9,5,3,21,49,39,37,31,26,40,32,46,10,15,20],"judges":[1,2,3,4,5,6,7]},{"round":"semi-final","bibs":[],"judges":[1,2,3,4,5,6,7]},{"round":"final","bibs":[],"judges":[1,2,3,4,5,6,7]}]', 1, 'standard', false) ON CONFLICT (id) DO NOTHING;
INSERT INTO events (id, name, designation, syllabus_type, level, style, dances, heats, competition_id, scoring_type, is_scholarship)
  VALUES (86, 'Pro-Am Syllabus Gold Latin Cha Cha/Samba/Rumba', 'Pro-Am', 'Syllabus', 'Gold', 'Latin', '["Cha Cha","Samba","Rumba"]', '[{"round":"final","bibs":[39,24,29,7,2,41],"judges":[1,2,3,4,5]}]', 1, 'standard', true) ON CONFLICT (id) DO NOTHING;
INSERT INTO events (id, name, designation, syllabus_type, level, style, dances, heats, competition_id, scoring_type, is_scholarship)
  VALUES (87, 'Pro-Am Open Championship Latin Cha Cha/Samba/Rumba', 'Pro-Am', 'Open', 'Championship', 'Latin', '["Cha Cha","Samba","Rumba"]', '[{"round":"quarter-final","bibs":[49,46,31,33,23,43,30,19,21,1,45,18,32,12,38,35],"judges":[1,2,3,4,5,6,7]},{"round":"semi-final","bibs":[],"judges":[1,2,3,4,5,6,7]},{"round":"final","bibs":[],"judges":[1,2,3,4,5,6,7]}]', 1, 'standard', true) ON CONFLICT (id) DO NOTHING;
INSERT INTO events (id, name, designation, syllabus_type, level, style, dances, heats, competition_id, scoring_type, is_scholarship)
  VALUES (88, 'Amateur Syllabus Newcomer Smooth Viennese Waltz', 'Amateur', 'Syllabus', 'Newcomer', 'Smooth', '["Viennese Waltz"]', '[{"round":"final","bibs":[61,56,75,72,74,86],"judges":[1,2,3]}]', 1, 'standard', false) ON CONFLICT (id) DO NOTHING;
INSERT INTO events (id, name, designation, syllabus_type, level, style, dances, heats, competition_id, scoring_type, is_scholarship)
  VALUES (89, 'Amateur Syllabus Bronze Smooth Waltz', 'Amateur', 'Syllabus', 'Bronze', 'Smooth', '["Waltz"]', '[{"round":"semi-final","bibs":[77,91,92,54,90,80,53,55,68,98],"judges":[1,2,3]},{"round":"final","bibs":[],"judges":[1,2,3]}]', 1, 'standard', false) ON CONFLICT (id) DO NOTHING;
INSERT INTO events (id, name, designation, syllabus_type, level, style, dances, heats, competition_id, scoring_type, is_scholarship)
  VALUES (90, 'Amateur Syllabus Silver Smooth Viennese Waltz', 'Amateur', 'Syllabus', 'Silver', 'Smooth', '["Viennese Waltz"]', '[{"round":"semi-final","bibs":[98,70,92,95,85,71,61,75],"judges":[1,2,3,4,5]},{"round":"final","bibs":[],"judges":[1,2,3,4,5]}]', 1, 'standard', false) ON CONFLICT (id) DO NOTHING;
INSERT INTO events (id, name, designation, syllabus_type, level, style, dances, heats, competition_id, scoring_type, is_scholarship)
  VALUES (91, 'Amateur Syllabus Silver Smooth Waltz/Viennese Waltz/Tango', 'Amateur', 'Syllabus', 'Silver', 'Smooth', '["Waltz","Viennese Waltz","Tango"]', '[{"round":"semi-final","bibs":[63,95,97,91,78,79,89,70],"judges":[1,2,3,4,5]},{"round":"final","bibs":[],"judges":[1,2,3,4,5]}]', 1, 'standard', false) ON CONFLICT (id) DO NOTHING;
INSERT INTO events (id, name, designation, syllabus_type, level, style, dances, heats, competition_id, scoring_type, is_scholarship)
  VALUES (92, 'Amateur Syllabus Gold Smooth Viennese Waltz', 'Amateur', 'Syllabus', 'Gold', 'Smooth', '["Viennese Waltz"]', '[{"round":"semi-final","bibs":[60,69,63,93,51,96,52],"judges":[1,2,3,4,5]},{"round":"final","bibs":[],"judges":[1,2,3,4,5]}]', 1, 'standard', false) ON CONFLICT (id) DO NOTHING;
INSERT INTO events (id, name, designation, syllabus_type, level, style, dances, heats, competition_id, scoring_type, is_scholarship)
  VALUES (93, 'Amateur Syllabus Gold Smooth Tango/Waltz/Viennese Waltz', 'Amateur', 'Syllabus', 'Gold', 'Smooth', '["Tango","Waltz","Viennese Waltz"]', '[{"round":"semi-final","bibs":[73,65,55,63,60,67,66],"judges":[1,2,3,4,5]},{"round":"final","bibs":[],"judges":[1,2,3,4,5]}]', 1, 'standard', false) ON CONFLICT (id) DO NOTHING;
INSERT INTO events (id, name, designation, syllabus_type, level, style, dances, heats, competition_id, scoring_type, is_scholarship)
  VALUES (94, 'Amateur Syllabus Novice Smooth Viennese Waltz', 'Amateur', 'Syllabus', 'Novice', 'Smooth', '["Viennese Waltz"]', '[{"round":"semi-final","bibs":[58,85,93,76,53,69,100,60,72,56,95,74],"judges":[1,2,3,4,5]},{"round":"final","bibs":[],"judges":[1,2,3,4,5]}]', 1, 'standard', false) ON CONFLICT (id) DO NOTHING;
INSERT INTO events (id, name, designation, syllabus_type, level, style, dances, heats, competition_id, scoring_type, is_scholarship)
  VALUES (95, 'Amateur Syllabus Novice Smooth Foxtrot/Tango/Waltz', 'Amateur', 'Syllabus', 'Novice', 'Smooth', '["Foxtrot","Tango","Waltz"]', '[{"round":"semi-final","bibs":[80,98,69,84,55,64,66,75,83,61,100,88],"judges":[1,2,3,4,5]},{"round":"final","bibs":[],"judges":[1,2,3,4,5]}]', 1, 'standard', false) ON CONFLICT (id) DO NOTHING;
INSERT INTO events (id, name, designation, syllabus_type, level, style, dances, heats, competition_id, scoring_type, is_scholarship)
  VALUES (96, 'Amateur Open Pre-Championship Smooth Viennese Waltz', 'Amateur', 'Open', 'Pre-Championship', 'Smooth', '["Viennese Waltz"]', '[{"round":"semi-final","bibs":[60,84,77,91,56,86,100,69,61,73,58,97,87,98],"judges":[1,2,3,4,5]},{"round":"final","bibs":[],"judges":[1,2,3,4,5]}]', 1, 'standard', false) ON CONFLICT (id) DO NOTHING;
INSERT INTO events (id, name, designation, syllabus_type, level, style, dances, heats, competition_id, scoring_type, is_scholarship)
  VALUES (97, 'Amateur Open Pre-Championship Smooth Waltz/Foxtrot/Viennese Waltz', 'Amateur', 'Open', 'Pre-Championship', 'Smooth', '["Waltz","Foxtrot","Viennese Waltz"]', '[{"round":"semi-final","bibs":[70,66,99,97,82,75,91,71,85,62,89,79,73,59],"judges":[1,2,3,4,5]},{"round":"final","bibs":[],"judges":[1,2,3,4,5]}]', 1, 'standard', false) ON CONFLICT (id) DO NOTHING;
INSERT INTO events (id, name, designation, syllabus_type, level, style, dances, heats, competition_id, scoring_type, is_scholarship)
  VALUES (98, 'Amateur Open Championship Smooth Waltz', 'Amateur', 'Open', 'Championship', 'Smooth', '["Waltz"]', '[{"round":"quarter-final","bibs":[56,66,92,61,62,77,63,91,72,51,90,83,60,52,68,82,81,54],"judges":[1,2,3,4,5,6,7]},{"round":"semi-final","bibs":[],"judges":[1,2,3,4,5,6,7]},{"round":"final","bibs":[],"judges":[1,2,3,4,5,6,7]}]', 1, 'standard', false) ON CONFLICT (id) DO NOTHING;
INSERT INTO events (id, name, designation, syllabus_type, level, style, dances, heats, competition_id, scoring_type, is_scholarship)
  VALUES (99, 'Amateur Open Championship Smooth Viennese Waltz', 'Amateur', 'Open', 'Championship', 'Smooth', '["Viennese Waltz"]', '[{"round":"quarter-final","bibs":[69,91,52,53,62,57,66,80,56,63,81,85,77,86,74,55,83,51],"judges":[1,2,3,4,5,6,7]},{"round":"semi-final","bibs":[],"judges":[1,2,3,4,5,6,7]},{"round":"final","bibs":[],"judges":[1,2,3,4,5,6,7]}]', 1, 'standard', false) ON CONFLICT (id) DO NOTHING;
INSERT INTO events (id, name, designation, syllabus_type, level, style, dances, heats, competition_id, scoring_type, is_scholarship)
  VALUES (100, 'Amateur Open Championship Smooth Tango', 'Amateur', 'Open', 'Championship', 'Smooth', '["Tango"]', '[{"round":"quarter-final","bibs":[85,88,51,75,53,64,96,97,86,73,79,95,57,92,90,83,70,89],"judges":[1,2,3,4,5,6,7]},{"round":"semi-final","bibs":[],"judges":[1,2,3,4,5,6,7]},{"round":"final","bibs":[],"judges":[1,2,3,4,5,6,7]}]', 1, 'standard', false) ON CONFLICT (id) DO NOTHING;
INSERT INTO events (id, name, designation, syllabus_type, level, style, dances, heats, competition_id, scoring_type, is_scholarship)
  VALUES (101, 'Amateur Open Championship Smooth Foxtrot', 'Amateur', 'Open', 'Championship', 'Smooth', '["Foxtrot"]', '[{"round":"quarter-final","bibs":[69,57,77,71,93,89,78,58,52,55,87,95,99,64,74,67,90,56],"judges":[1,2,3,4,5,6,7]},{"round":"semi-final","bibs":[],"judges":[1,2,3,4,5,6,7]},{"round":"final","bibs":[],"judges":[1,2,3,4,5,6,7]}]', 1, 'standard', false) ON CONFLICT (id) DO NOTHING;
INSERT INTO events (id, name, designation, syllabus_type, level, style, dances, heats, competition_id, scoring_type, is_scholarship)
  VALUES (102, 'Amateur Open Championship Smooth Waltz/Tango/Viennese Waltz', 'Amateur', 'Open', 'Championship', 'Smooth', '["Waltz","Tango","Viennese Waltz"]', '[{"round":"quarter-final","bibs":[75,74,73,61,62,94,58,57,86,63,80,66,85,78,70,83,98,65],"judges":[1,2,3,4,5,6,7]},{"round":"semi-final","bibs":[],"judges":[1,2,3,4,5,6,7]},{"round":"final","bibs":[],"judges":[1,2,3,4,5,6,7]}]', 1, 'standard', false) ON CONFLICT (id) DO NOTHING;
INSERT INTO events (id, name, designation, syllabus_type, level, style, dances, heats, competition_id, scoring_type, is_scholarship)
  VALUES (103, 'Amateur Syllabus Newcomer Rhythm Bolero', 'Amateur', 'Syllabus', 'Newcomer', 'Rhythm', '["Bolero"]', '[{"round":"final","bibs":[55,53,93,88,75,65],"judges":[1,2,3]}]', 1, 'standard', false) ON CONFLICT (id) DO NOTHING;
INSERT INTO events (id, name, designation, syllabus_type, level, style, dances, heats, competition_id, scoring_type, is_scholarship)
  VALUES (104, 'Amateur Syllabus Bronze Rhythm Cha Cha', 'Amateur', 'Syllabus', 'Bronze', 'Rhythm', '["Cha Cha"]', '[{"round":"semi-final","bibs":[53,84,74,78,98,94,76,69,73,67],"judges":[1,2,3]},{"round":"final","bibs":[],"judges":[1,2,3]}]', 1, 'standard', false) ON CONFLICT (id) DO NOTHING;
INSERT INTO events (id, name, designation, syllabus_type, level, style, dances, heats, competition_id, scoring_type, is_scholarship)
  VALUES (105, 'Amateur Syllabus Silver Rhythm Bolero', 'Amateur', 'Syllabus', 'Silver', 'Rhythm', '["Bolero"]', '[{"round":"semi-final","bibs":[97,90,57,62,73,72,100,59],"judges":[1,2,3,4,5]},{"round":"final","bibs":[],"judges":[1,2,3,4,5]}]', 1, 'standard', false) ON CONFLICT (id) DO NOTHING;
INSERT INTO events (id, name, designation, syllabus_type, level, style, dances, heats, competition_id, scoring_type, is_scholarship)
  VALUES (106, 'Amateur Syllabus Silver Rhythm Rumba/Cha Cha/East Coast Swing', 'Amateur', 'Syllabus', 'Silver', 'Rhythm', '["Rumba","Cha Cha","East Coast Swing"]', '[{"round":"semi-final","bibs":[66,56,79,98,69,91,92,58],"judges":[1,2,3,4,5]},{"round":"final","bibs":[],"judges":[1,2,3,4,5]}]', 1, 'standard', false) ON CONFLICT (id) DO NOTHING;
INSERT INTO events (id, name, designation, syllabus_type, level, style, dances, heats, competition_id, scoring_type, is_scholarship)
  VALUES (107, 'Amateur Syllabus Gold Rhythm East Coast Swing', 'Amateur', 'Syllabus', 'Gold', 'Rhythm', '["East Coast Swing"]', '[{"round":"semi-final","bibs":[90,77,71,91,73,72,60],"judges":[1,2,3,4,5]},{"round":"final","bibs":[],"judges":[1,2,3,4,5]}]', 1, 'standard', false) ON CONFLICT (id) DO NOTHING;
INSERT INTO events (id, name, designation, syllabus_type, level, style, dances, heats, competition_id, scoring_type, is_scholarship)
  VALUES (108, 'Amateur Syllabus Gold Rhythm Rumba/Cha Cha/East Coast Swing', 'Amateur', 'Syllabus', 'Gold', 'Rhythm', '["Rumba","Cha Cha","East Coast Swing"]', '[{"round":"semi-final","bibs":[68,70,97,51,79,95,93],"judges":[1,2,3,4,5]},{"round":"final","bibs":[],"judges":[1,2,3,4,5]}]', 1, 'standard', false) ON CONFLICT (id) DO NOTHING;
INSERT INTO events (id, name, designation, syllabus_type, level, style, dances, heats, competition_id, scoring_type, is_scholarship)
  VALUES (109, 'Amateur Syllabus Novice Rhythm Bolero', 'Amateur', 'Syllabus', 'Novice', 'Rhythm', '["Bolero"]', '[{"round":"semi-final","bibs":[52,76,57,93,79,83,62,75,59,95,64,92],"judges":[1,2,3,4,5]},{"round":"final","bibs":[],"judges":[1,2,3,4,5]}]', 1, 'standard', false) ON CONFLICT (id) DO NOTHING;
INSERT INTO events (id, name, designation, syllabus_type, level, style, dances, heats, competition_id, scoring_type, is_scholarship)
  VALUES (110, 'Amateur Syllabus Novice Rhythm Mambo/East Coast Swing/Rumba', 'Amateur', 'Syllabus', 'Novice', 'Rhythm', '["Mambo","East Coast Swing","Rumba"]', '[{"round":"semi-final","bibs":[51,82,97,64,88,63,57,70,67,68,61,54],"judges":[1,2,3,4,5]},{"round":"final","bibs":[],"judges":[1,2,3,4,5]}]', 1, 'standard', false) ON CONFLICT (id) DO NOTHING;
INSERT INTO events (id, name, designation, syllabus_type, level, style, dances, heats, competition_id, scoring_type, is_scholarship)
  VALUES (111, 'Amateur Open Pre-Championship Rhythm Bolero', 'Amateur', 'Open', 'Pre-Championship', 'Rhythm', '["Bolero"]', '[{"round":"semi-final","bibs":[57,59,81,72,84,100,78,82,85,52,91,71,65,99],"judges":[1,2,3,4,5]},{"round":"final","bibs":[],"judges":[1,2,3,4,5]}]', 1, 'standard', false) ON CONFLICT (id) DO NOTHING;
INSERT INTO events (id, name, designation, syllabus_type, level, style, dances, heats, competition_id, scoring_type, is_scholarship)
  VALUES (112, 'Amateur Open Pre-Championship Rhythm Cha Cha/Rumba/East Coast Swing', 'Amateur', 'Open', 'Pre-Championship', 'Rhythm', '["Cha Cha","Rumba","East Coast Swing"]', '[{"round":"semi-final","bibs":[94,71,56,72,66,75,64,99,51,55,92,61,93,60],"judges":[1,2,3,4,5]},{"round":"final","bibs":[],"judges":[1,2,3,4,5]}]', 1, 'standard', false) ON CONFLICT (id) DO NOTHING;
INSERT INTO events (id, name, designation, syllabus_type, level, style, dances, heats, competition_id, scoring_type, is_scholarship)
  VALUES (113, 'Amateur Open Championship Rhythm Bolero', 'Amateur', 'Open', 'Championship', 'Rhythm', '["Bolero"]', '[{"round":"quarter-final","bibs":[69,96,83,76,97,90,57,99,67,78,70,54,72,87,53,71,80,100],"judges":[1,2,3,4,5,6,7]},{"round":"semi-final","bibs":[],"judges":[1,2,3,4,5,6,7]},{"round":"final","bibs":[],"judges":[1,2,3,4,5,6,7]}]', 1, 'standard', false) ON CONFLICT (id) DO NOTHING;
INSERT INTO events (id, name, designation, syllabus_type, level, style, dances, heats, competition_id, scoring_type, is_scholarship)
  VALUES (114, 'Amateur Open Championship Rhythm Cha Cha', 'Amateur', 'Open', 'Championship', 'Rhythm', '["Cha Cha"]', '[{"round":"quarter-final","bibs":[89,67,64,66,62,88,86,74,73,79,96,54,71,87,95,51,97,63],"judges":[1,2,3,4,5,6,7]},{"round":"semi-final","bibs":[],"judges":[1,2,3,4,5,6,7]},{"round":"final","bibs":[],"judges":[1,2,3,4,5,6,7]}]', 1, 'standard', false) ON CONFLICT (id) DO NOTHING;
INSERT INTO events (id, name, designation, syllabus_type, level, style, dances, heats, competition_id, scoring_type, is_scholarship)
  VALUES (115, 'Amateur Open Championship Rhythm Rumba', 'Amateur', 'Open', 'Championship', 'Rhythm', '["Rumba"]', '[{"round":"quarter-final","bibs":[53,67,76,65,99,60,86,83,84,85,88,62,90,68,54,59,64,73],"judges":[1,2,3,4,5,6,7]},{"round":"semi-final","bibs":[],"judges":[1,2,3,4,5,6,7]},{"round":"final","bibs":[],"judges":[1,2,3,4,5,6,7]}]', 1, 'standard', false) ON CONFLICT (id) DO NOTHING;
INSERT INTO events (id, name, designation, syllabus_type, level, style, dances, heats, competition_id, scoring_type, is_scholarship)
  VALUES (116, 'Amateur Open Championship Rhythm East Coast Swing', 'Amateur', 'Open', 'Championship', 'Rhythm', '["East Coast Swing"]', '[{"round":"quarter-final","bibs":[62,61,91,100,57,70,63,81,80,88,90,73,58,52,95,59,74,71],"judges":[1,2,3,4,5,6,7]},{"round":"semi-final","bibs":[],"judges":[1,2,3,4,5,6,7]},{"round":"final","bibs":[],"judges":[1,2,3,4,5,6,7]}]', 1, 'standard', false) ON CONFLICT (id) DO NOTHING;
INSERT INTO events (id, name, designation, syllabus_type, level, style, dances, heats, competition_id, scoring_type, is_scholarship)
  VALUES (117, 'Amateur Open Championship Rhythm Mambo', 'Amateur', 'Open', 'Championship', 'Rhythm', '["Mambo"]', '[{"round":"quarter-final","bibs":[94,56,66,90,86,51,61,65,69,88,93,59,100,87,83,75,79,96],"judges":[1,2,3,4,5,6,7]},{"round":"semi-final","bibs":[],"judges":[1,2,3,4,5,6,7]},{"round":"final","bibs":[],"judges":[1,2,3,4,5,6,7]}]', 1, 'standard', false) ON CONFLICT (id) DO NOTHING;
INSERT INTO events (id, name, designation, syllabus_type, level, style, dances, heats, competition_id, scoring_type, is_scholarship)
  VALUES (118, 'Amateur Open Championship Rhythm Cha Cha/Mambo/Bolero', 'Amateur', 'Open', 'Championship', 'Rhythm', '["Cha Cha","Mambo","Bolero"]', '[{"round":"quarter-final","bibs":[93,60,59,61,66,54,63,62,73,71,68,88,91,70,87,92,57,95],"judges":[1,2,3,4,5,6,7]},{"round":"semi-final","bibs":[],"judges":[1,2,3,4,5,6,7]},{"round":"final","bibs":[],"judges":[1,2,3,4,5,6,7]}]', 1, 'standard', false) ON CONFLICT (id) DO NOTHING;
INSERT INTO events (id, name, designation, syllabus_type, level, style, dances, heats, competition_id, scoring_type, is_scholarship)
  VALUES (119, 'Amateur Syllabus Newcomer Standard Tango', 'Amateur', 'Syllabus', 'Newcomer', 'Standard', '["Tango"]', '[{"round":"final","bibs":[65,67,60,83,75,76],"judges":[1,2,3]}]', 1, 'standard', false) ON CONFLICT (id) DO NOTHING;
INSERT INTO events (id, name, designation, syllabus_type, level, style, dances, heats, competition_id, scoring_type, is_scholarship)
  VALUES (120, 'Amateur Syllabus Bronze Standard Tango', 'Amateur', 'Syllabus', 'Bronze', 'Standard', '["Tango"]', '[{"round":"semi-final","bibs":[82,75,88,84,51,61,85,60,69,70],"judges":[1,2,3]},{"round":"final","bibs":[],"judges":[1,2,3]}]', 1, 'standard', false) ON CONFLICT (id) DO NOTHING;
INSERT INTO events (id, name, designation, syllabus_type, level, style, dances, heats, competition_id, scoring_type, is_scholarship)
  VALUES (121, 'Amateur Syllabus Silver Standard Foxtrot', 'Amateur', 'Syllabus', 'Silver', 'Standard', '["Foxtrot"]', '[{"round":"semi-final","bibs":[69,58,83,86,85,65,60,73],"judges":[1,2,3,4,5]},{"round":"final","bibs":[],"judges":[1,2,3,4,5]}]', 1, 'standard', false) ON CONFLICT (id) DO NOTHING;
INSERT INTO events (id, name, designation, syllabus_type, level, style, dances, heats, competition_id, scoring_type, is_scholarship)
  VALUES (122, 'Amateur Syllabus Silver Standard Foxtrot/Viennese Waltz/Waltz', 'Amateur', 'Syllabus', 'Silver', 'Standard', '["Foxtrot","Viennese Waltz","Waltz"]', '[{"round":"semi-final","bibs":[92,94,58,57,71,56,85,61],"judges":[1,2,3,4,5]},{"round":"final","bibs":[],"judges":[1,2,3,4,5]}]', 1, 'standard', false) ON CONFLICT (id) DO NOTHING;
INSERT INTO events (id, name, designation, syllabus_type, level, style, dances, heats, competition_id, scoring_type, is_scholarship)
  VALUES (123, 'Amateur Syllabus Gold Standard Waltz', 'Amateur', 'Syllabus', 'Gold', 'Standard', '["Waltz"]', '[{"round":"semi-final","bibs":[80,61,94,65,79,63,90],"judges":[1,2,3,4,5]},{"round":"final","bibs":[],"judges":[1,2,3,4,5]}]', 1, 'standard', false) ON CONFLICT (id) DO NOTHING;
INSERT INTO events (id, name, designation, syllabus_type, level, style, dances, heats, competition_id, scoring_type, is_scholarship)
  VALUES (124, 'Amateur Syllabus Gold Standard Viennese Waltz/Waltz/Tango', 'Amateur', 'Syllabus', 'Gold', 'Standard', '["Viennese Waltz","Waltz","Tango"]', '[{"round":"semi-final","bibs":[59,97,84,83,94,100,51],"judges":[1,2,3,4,5]},{"round":"final","bibs":[],"judges":[1,2,3,4,5]}]', 1, 'standard', false) ON CONFLICT (id) DO NOTHING;
INSERT INTO events (id, name, designation, syllabus_type, level, style, dances, heats, competition_id, scoring_type, is_scholarship)
  VALUES (125, 'Amateur Syllabus Novice Standard Quickstep', 'Amateur', 'Syllabus', 'Novice', 'Standard', '["Quickstep"]', '[{"round":"semi-final","bibs":[63,95,77,91,83,100,61,55,62,68,86,64],"judges":[1,2,3,4,5]},{"round":"final","bibs":[],"judges":[1,2,3,4,5]}]', 1, 'standard', false) ON CONFLICT (id) DO NOTHING;
INSERT INTO events (id, name, designation, syllabus_type, level, style, dances, heats, competition_id, scoring_type, is_scholarship)
  VALUES (126, 'Amateur Syllabus Novice Standard Waltz/Foxtrot/Tango', 'Amateur', 'Syllabus', 'Novice', 'Standard', '["Waltz","Foxtrot","Tango"]', '[{"round":"semi-final","bibs":[91,71,59,87,60,69,99,80,68,67,55,61],"judges":[1,2,3,4,5]},{"round":"final","bibs":[],"judges":[1,2,3,4,5]}]', 1, 'standard', false) ON CONFLICT (id) DO NOTHING;
INSERT INTO events (id, name, designation, syllabus_type, level, style, dances, heats, competition_id, scoring_type, is_scholarship)
  VALUES (127, 'Amateur Open Pre-Championship Standard Waltz', 'Amateur', 'Open', 'Pre-Championship', 'Standard', '["Waltz"]', '[{"round":"semi-final","bibs":[53,88,70,67,65,75,51,86,61,52,95,98,59,66],"judges":[1,2,3,4,5]},{"round":"final","bibs":[],"judges":[1,2,3,4,5]}]', 1, 'standard', false) ON CONFLICT (id) DO NOTHING;
INSERT INTO events (id, name, designation, syllabus_type, level, style, dances, heats, competition_id, scoring_type, is_scholarship)
  VALUES (128, 'Amateur Open Pre-Championship Standard Waltz/Foxtrot/Viennese Waltz', 'Amateur', 'Open', 'Pre-Championship', 'Standard', '["Waltz","Foxtrot","Viennese Waltz"]', '[{"round":"semi-final","bibs":[92,55,82,57,56,67,51,99,89,91,61,87,100,65],"judges":[1,2,3,4,5]},{"round":"final","bibs":[],"judges":[1,2,3,4,5]}]', 1, 'standard', false) ON CONFLICT (id) DO NOTHING;
INSERT INTO events (id, name, designation, syllabus_type, level, style, dances, heats, competition_id, scoring_type, is_scholarship)
  VALUES (129, 'Amateur Open Championship Standard Quickstep', 'Amateur', 'Open', 'Championship', 'Standard', '["Quickstep"]', '[{"round":"quarter-final","bibs":[60,83,69,73,88,90,59,72,86,64,91,96,62,74,53,89,87,79],"judges":[1,2,3,4,5,6,7]},{"round":"semi-final","bibs":[],"judges":[1,2,3,4,5,6,7]},{"round":"final","bibs":[],"judges":[1,2,3,4,5,6,7]}]', 1, 'standard', false) ON CONFLICT (id) DO NOTHING;
INSERT INTO events (id, name, designation, syllabus_type, level, style, dances, heats, competition_id, scoring_type, is_scholarship)
  VALUES (130, 'Amateur Open Championship Standard Foxtrot', 'Amateur', 'Open', 'Championship', 'Standard', '["Foxtrot"]', '[{"round":"quarter-final","bibs":[82,60,74,88,94,61,90,53,78,89,71,70,83,77,62,66,81,96],"judges":[1,2,3,4,5,6,7]},{"round":"semi-final","bibs":[],"judges":[1,2,3,4,5,6,7]},{"round":"final","bibs":[],"judges":[1,2,3,4,5,6,7]}]', 1, 'standard', false) ON CONFLICT (id) DO NOTHING;
INSERT INTO events (id, name, designation, syllabus_type, level, style, dances, heats, competition_id, scoring_type, is_scholarship)
  VALUES (131, 'Amateur Open Championship Standard Viennese Waltz', 'Amateur', 'Open', 'Championship', 'Standard', '["Viennese Waltz"]', '[{"round":"quarter-final","bibs":[73,52,55,82,90,81,97,57,87,51,85,71,61,99,86,91,96,68],"judges":[1,2,3,4,5,6,7]},{"round":"semi-final","bibs":[],"judges":[1,2,3,4,5,6,7]},{"round":"final","bibs":[],"judges":[1,2,3,4,5,6,7]}]', 1, 'standard', false) ON CONFLICT (id) DO NOTHING;
INSERT INTO events (id, name, designation, syllabus_type, level, style, dances, heats, competition_id, scoring_type, is_scholarship)
  VALUES (132, 'Amateur Open Championship Standard Tango', 'Amateur', 'Open', 'Championship', 'Standard', '["Tango"]', '[{"round":"quarter-final","bibs":[81,91,100,92,85,52,97,57,70,84,96,69,55,75,78,93,60,74],"judges":[1,2,3,4,5,6,7]},{"round":"semi-final","bibs":[],"judges":[1,2,3,4,5,6,7]},{"round":"final","bibs":[],"judges":[1,2,3,4,5,6,7]}]', 1, 'standard', false) ON CONFLICT (id) DO NOTHING;
INSERT INTO events (id, name, designation, syllabus_type, level, style, dances, heats, competition_id, scoring_type, is_scholarship)
  VALUES (133, 'Amateur Open Championship Standard Waltz', 'Amateur', 'Open', 'Championship', 'Standard', '["Waltz"]', '[{"round":"quarter-final","bibs":[84,77,69,64,67,96,73,91,78,92,63,76,70,83,79,54,74,87],"judges":[1,2,3,4,5,6,7]},{"round":"semi-final","bibs":[],"judges":[1,2,3,4,5,6,7]},{"round":"final","bibs":[],"judges":[1,2,3,4,5,6,7]}]', 1, 'standard', false) ON CONFLICT (id) DO NOTHING;
INSERT INTO events (id, name, designation, syllabus_type, level, style, dances, heats, competition_id, scoring_type, is_scholarship)
  VALUES (134, 'Amateur Open Championship Standard Viennese Waltz/Tango/Quickstep', 'Amateur', 'Open', 'Championship', 'Standard', '["Viennese Waltz","Tango","Quickstep"]', '[{"round":"quarter-final","bibs":[72,78,85,60,71,82,62,76,88,59,98,95,63,74,89,87,79,65],"judges":[1,2,3,4,5,6,7]},{"round":"semi-final","bibs":[],"judges":[1,2,3,4,5,6,7]},{"round":"final","bibs":[],"judges":[1,2,3,4,5,6,7]}]', 1, 'standard', false) ON CONFLICT (id) DO NOTHING;
INSERT INTO events (id, name, designation, syllabus_type, level, style, dances, heats, competition_id, scoring_type, is_scholarship)
  VALUES (135, 'Amateur Syllabus Newcomer Latin Jive', 'Amateur', 'Syllabus', 'Newcomer', 'Latin', '["Jive"]', '[{"round":"final","bibs":[75,69,73,92,59,91],"judges":[1,2,3]}]', 1, 'standard', false) ON CONFLICT (id) DO NOTHING;
INSERT INTO events (id, name, designation, syllabus_type, level, style, dances, heats, competition_id, scoring_type, is_scholarship)
  VALUES (136, 'Amateur Syllabus Bronze Latin Cha Cha', 'Amateur', 'Syllabus', 'Bronze', 'Latin', '["Cha Cha"]', '[{"round":"semi-final","bibs":[59,100,82,73,69,97,79,54,71,72],"judges":[1,2,3]},{"round":"final","bibs":[],"judges":[1,2,3]}]', 1, 'standard', false) ON CONFLICT (id) DO NOTHING;
INSERT INTO events (id, name, designation, syllabus_type, level, style, dances, heats, competition_id, scoring_type, is_scholarship)
  VALUES (137, 'Amateur Syllabus Silver Latin Cha Cha', 'Amateur', 'Syllabus', 'Silver', 'Latin', '["Cha Cha"]', '[{"round":"semi-final","bibs":[78,91,76,88,51,54,63,85],"judges":[1,2,3,4,5]},{"round":"final","bibs":[],"judges":[1,2,3,4,5]}]', 1, 'standard', false) ON CONFLICT (id) DO NOTHING;
INSERT INTO events (id, name, designation, syllabus_type, level, style, dances, heats, competition_id, scoring_type, is_scholarship)
  VALUES (138, 'Amateur Syllabus Silver Latin Cha Cha/Samba/Rumba', 'Amateur', 'Syllabus', 'Silver', 'Latin', '["Cha Cha","Samba","Rumba"]', '[{"round":"semi-final","bibs":[60,95,82,65,52,53,77,85],"judges":[1,2,3,4,5]},{"round":"final","bibs":[],"judges":[1,2,3,4,5]}]', 1, 'standard', false) ON CONFLICT (id) DO NOTHING;
INSERT INTO events (id, name, designation, syllabus_type, level, style, dances, heats, competition_id, scoring_type, is_scholarship)
  VALUES (139, 'Amateur Syllabus Gold Latin Cha Cha', 'Amateur', 'Syllabus', 'Gold', 'Latin', '["Cha Cha"]', '[{"round":"semi-final","bibs":[87,69,62,72,70,54,91],"judges":[1,2,3,4,5]},{"round":"final","bibs":[],"judges":[1,2,3,4,5]}]', 1, 'standard', false) ON CONFLICT (id) DO NOTHING;
INSERT INTO events (id, name, designation, syllabus_type, level, style, dances, heats, competition_id, scoring_type, is_scholarship)
  VALUES (140, 'Amateur Syllabus Gold Latin Paso Doble/Samba/Cha Cha', 'Amateur', 'Syllabus', 'Gold', 'Latin', '["Paso Doble","Samba","Cha Cha"]', '[{"round":"semi-final","bibs":[80,94,60,73,78,56,77],"judges":[1,2,3,4,5]},{"round":"final","bibs":[],"judges":[1,2,3,4,5]}]', 1, 'standard', false) ON CONFLICT (id) DO NOTHING;
INSERT INTO events (id, name, designation, syllabus_type, level, style, dances, heats, competition_id, scoring_type, is_scholarship)
  VALUES (141, 'Amateur Syllabus Novice Latin Cha Cha', 'Amateur', 'Syllabus', 'Novice', 'Latin', '["Cha Cha"]', '[{"round":"semi-final","bibs":[68,52,88,73,59,66,69,55,83,96,84,67],"judges":[1,2,3,4,5]},{"round":"final","bibs":[],"judges":[1,2,3,4,5]}]', 1, 'standard', false) ON CONFLICT (id) DO NOTHING;
INSERT INTO events (id, name, designation, syllabus_type, level, style, dances, heats, competition_id, scoring_type, is_scholarship)
  VALUES (142, 'Amateur Syllabus Novice Latin Cha Cha/Rumba/Samba', 'Amateur', 'Syllabus', 'Novice', 'Latin', '["Cha Cha","Rumba","Samba"]', '[{"round":"semi-final","bibs":[93,77,95,79,90,81,60,61,67,62,63,76],"judges":[1,2,3,4,5]},{"round":"final","bibs":[],"judges":[1,2,3,4,5]}]', 1, 'standard', false) ON CONFLICT (id) DO NOTHING;
INSERT INTO events (id, name, designation, syllabus_type, level, style, dances, heats, competition_id, scoring_type, is_scholarship)
  VALUES (143, 'Amateur Open Pre-Championship Latin Rumba', 'Amateur', 'Open', 'Pre-Championship', 'Latin', '["Rumba"]', '[{"round":"semi-final","bibs":[74,88,100,55,62,64,67,71,87,63,89,98,85,94],"judges":[1,2,3,4,5]},{"round":"final","bibs":[],"judges":[1,2,3,4,5]}]', 1, 'standard', false) ON CONFLICT (id) DO NOTHING;
INSERT INTO events (id, name, designation, syllabus_type, level, style, dances, heats, competition_id, scoring_type, is_scholarship)
  VALUES (144, 'Amateur Open Pre-Championship Latin Rumba/Paso Doble/Jive', 'Amateur', 'Open', 'Pre-Championship', 'Latin', '["Rumba","Paso Doble","Jive"]', '[{"round":"semi-final","bibs":[90,52,97,86,65,89,94,67,77,79,64,69,78,61],"judges":[1,2,3,4,5]},{"round":"final","bibs":[],"judges":[1,2,3,4,5]}]', 1, 'standard', false) ON CONFLICT (id) DO NOTHING;
INSERT INTO events (id, name, designation, syllabus_type, level, style, dances, heats, competition_id, scoring_type, is_scholarship)
  VALUES (145, 'Amateur Open Championship Latin Paso Doble', 'Amateur', 'Open', 'Championship', 'Latin', '["Paso Doble"]', '[{"round":"quarter-final","bibs":[92,96,54,55,95,98,87,94,86,65,58,93,85,71,88,62,60,84],"judges":[1,2,3,4,5,6,7]},{"round":"semi-final","bibs":[],"judges":[1,2,3,4,5,6,7]},{"round":"final","bibs":[],"judges":[1,2,3,4,5,6,7]}]', 1, 'standard', false) ON CONFLICT (id) DO NOTHING;
INSERT INTO events (id, name, designation, syllabus_type, level, style, dances, heats, competition_id, scoring_type, is_scholarship)
  VALUES (146, 'Amateur Open Championship Latin Cha Cha', 'Amateur', 'Open', 'Championship', 'Latin', '["Cha Cha"]', '[{"round":"quarter-final","bibs":[65,95,89,87,61,81,74,72,53,84,92,100,58,76,52,88,66,83],"judges":[1,2,3,4,5,6,7]},{"round":"semi-final","bibs":[],"judges":[1,2,3,4,5,6,7]},{"round":"final","bibs":[],"judges":[1,2,3,4,5,6,7]}]', 1, 'standard', false) ON CONFLICT (id) DO NOTHING;
INSERT INTO events (id, name, designation, syllabus_type, level, style, dances, heats, competition_id, scoring_type, is_scholarship)
  VALUES (147, 'Amateur Open Championship Latin Samba', 'Amateur', 'Open', 'Championship', 'Latin', '["Samba"]', '[{"round":"quarter-final","bibs":[83,70,72,100,71,94,98,99,79,65,56,64,85,63,58,66,76,69],"judges":[1,2,3,4,5,6,7]},{"round":"semi-final","bibs":[],"judges":[1,2,3,4,5,6,7]},{"round":"final","bibs":[],"judges":[1,2,3,4,5,6,7]}]', 1, 'standard', false) ON CONFLICT (id) DO NOTHING;
INSERT INTO events (id, name, designation, syllabus_type, level, style, dances, heats, competition_id, scoring_type, is_scholarship)
  VALUES (148, 'Amateur Open Championship Latin Rumba', 'Amateur', 'Open', 'Championship', 'Latin', '["Rumba"]', '[{"round":"quarter-final","bibs":[79,97,94,60,62,81,100,80,83,74,56,54,72,71,86,89,78,92],"judges":[1,2,3,4,5,6,7]},{"round":"semi-final","bibs":[],"judges":[1,2,3,4,5,6,7]},{"round":"final","bibs":[],"judges":[1,2,3,4,5,6,7]}]', 1, 'standard', false) ON CONFLICT (id) DO NOTHING;
INSERT INTO events (id, name, designation, syllabus_type, level, style, dances, heats, competition_id, scoring_type, is_scholarship)
  VALUES (149, 'Amateur Open Championship Latin Jive', 'Amateur', 'Open', 'Championship', 'Latin', '["Jive"]', '[{"round":"quarter-final","bibs":[74,73,76,66,99,98,87,61,51,58,92,55,65,93,59,54,80,81],"judges":[1,2,3,4,5,6,7]},{"round":"semi-final","bibs":[],"judges":[1,2,3,4,5,6,7]},{"round":"final","bibs":[],"judges":[1,2,3,4,5,6,7]}]', 1, 'standard', false) ON CONFLICT (id) DO NOTHING;
INSERT INTO events (id, name, designation, syllabus_type, level, style, dances, heats, competition_id, scoring_type, is_scholarship)
  VALUES (150, 'Amateur Open Championship Latin Rumba/Jive/Samba', 'Amateur', 'Open', 'Championship', 'Latin', '["Rumba","Jive","Samba"]', '[{"round":"quarter-final","bibs":[79,62,76,97,63,92,88,78,81,75,58,99,93,83,61,73,82,96],"judges":[1,2,3,4,5,6,7]},{"round":"semi-final","bibs":[],"judges":[1,2,3,4,5,6,7]},{"round":"final","bibs":[],"judges":[1,2,3,4,5,6,7]}]', 1, 'standard', false) ON CONFLICT (id) DO NOTHING;
INSERT INTO events (id, name, designation, syllabus_type, level, style, dances, heats, competition_id, scoring_type, is_scholarship)
  VALUES (151, 'Pro-Am Syllabus Newcomer Smooth Viennese Waltz', 'Pro-Am', 'Syllabus', 'Newcomer', 'Smooth', '["Viennese Waltz"]', '[{"round":"final","bibs":[35,37,22],"judges":[1,2,3]}]', 1, 'proficiency', false) ON CONFLICT (id) DO NOTHING;
INSERT INTO events (id, name, designation, syllabus_type, level, style, dances, heats, competition_id, scoring_type, is_scholarship)
  VALUES (152, 'Pro-Am Syllabus Bronze Smooth Viennese Waltz', 'Pro-Am', 'Syllabus', 'Bronze', 'Smooth', '["Viennese Waltz"]', '[{"round":"final","bibs":[15,2,44,42,22],"judges":[1,2,3]}]', 1, 'proficiency', false) ON CONFLICT (id) DO NOTHING;
INSERT INTO events (id, name, designation, syllabus_type, level, style, dances, heats, competition_id, scoring_type, is_scholarship)
  VALUES (153, 'Pro-Am Syllabus Silver Smooth Waltz', 'Pro-Am', 'Syllabus', 'Silver', 'Smooth', '["Waltz"]', '[{"round":"final","bibs":[22,37,1,21],"judges":[1,2,3,4,5]}]', 1, 'proficiency', false) ON CONFLICT (id) DO NOTHING;
INSERT INTO events (id, name, designation, syllabus_type, level, style, dances, heats, competition_id, scoring_type, is_scholarship)
  VALUES (154, 'Pro-Am Syllabus Newcomer Rhythm Bolero', 'Pro-Am', 'Syllabus', 'Newcomer', 'Rhythm', '["Bolero"]', '[{"round":"final","bibs":[10,37,3],"judges":[1,2,3]}]', 1, 'proficiency', false) ON CONFLICT (id) DO NOTHING;
INSERT INTO events (id, name, designation, syllabus_type, level, style, dances, heats, competition_id, scoring_type, is_scholarship)
  VALUES (155, 'Pro-Am Syllabus Bronze Rhythm Bolero', 'Pro-Am', 'Syllabus', 'Bronze', 'Rhythm', '["Bolero"]', '[{"round":"final","bibs":[2,40,33,49,17],"judges":[1,2,3]}]', 1, 'proficiency', false) ON CONFLICT (id) DO NOTHING;
INSERT INTO events (id, name, designation, syllabus_type, level, style, dances, heats, competition_id, scoring_type, is_scholarship)
  VALUES (156, 'Pro-Am Syllabus Silver Rhythm East Coast Swing', 'Pro-Am', 'Syllabus', 'Silver', 'Rhythm', '["East Coast Swing"]', '[{"round":"final","bibs":[29,43,30,37],"judges":[1,2,3,4,5]}]', 1, 'proficiency', false) ON CONFLICT (id) DO NOTHING;
INSERT INTO events (id, name, designation, syllabus_type, level, style, dances, heats, competition_id, scoring_type, is_scholarship)
  VALUES (157, 'Pro-Am Syllabus Newcomer Standard Foxtrot', 'Pro-Am', 'Syllabus', 'Newcomer', 'Standard', '["Foxtrot"]', '[{"round":"final","bibs":[42,14,7],"judges":[1,2,3]}]', 1, 'proficiency', false) ON CONFLICT (id) DO NOTHING;
INSERT INTO events (id, name, designation, syllabus_type, level, style, dances, heats, competition_id, scoring_type, is_scholarship)
  VALUES (158, 'Pro-Am Syllabus Bronze Standard Foxtrot', 'Pro-Am', 'Syllabus', 'Bronze', 'Standard', '["Foxtrot"]', '[{"round":"final","bibs":[26,13,39,20,21],"judges":[1,2,3]}]', 1, 'proficiency', false) ON CONFLICT (id) DO NOTHING;
INSERT INTO events (id, name, designation, syllabus_type, level, style, dances, heats, competition_id, scoring_type, is_scholarship)
  VALUES (159, 'Pro-Am Syllabus Silver Standard Waltz', 'Pro-Am', 'Syllabus', 'Silver', 'Standard', '["Waltz"]', '[{"round":"final","bibs":[11,42,9,29],"judges":[1,2,3,4,5]}]', 1, 'proficiency', false) ON CONFLICT (id) DO NOTHING;
INSERT INTO events (id, name, designation, syllabus_type, level, style, dances, heats, competition_id, scoring_type, is_scholarship)
  VALUES (160, 'Pro-Am Syllabus Newcomer Latin Samba', 'Pro-Am', 'Syllabus', 'Newcomer', 'Latin', '["Samba"]', '[{"round":"final","bibs":[26,46,29],"judges":[1,2,3]}]', 1, 'proficiency', false) ON CONFLICT (id) DO NOTHING;
INSERT INTO events (id, name, designation, syllabus_type, level, style, dances, heats, competition_id, scoring_type, is_scholarship)
  VALUES (161, 'Pro-Am Syllabus Bronze Latin Rumba', 'Pro-Am', 'Syllabus', 'Bronze', 'Latin', '["Rumba"]', '[{"round":"final","bibs":[4,34,33,45,41],"judges":[1,2,3]}]', 1, 'proficiency', false) ON CONFLICT (id) DO NOTHING;
INSERT INTO events (id, name, designation, syllabus_type, level, style, dances, heats, competition_id, scoring_type, is_scholarship)
  VALUES (162, 'Pro-Am Syllabus Silver Latin Cha Cha', 'Pro-Am', 'Syllabus', 'Silver', 'Latin', '["Cha Cha"]', '[{"round":"final","bibs":[22,3,32,8],"judges":[1,2,3,4,5]}]', 1, 'proficiency', false) ON CONFLICT (id) DO NOTHING;
INSERT INTO events (id, name, designation, syllabus_type, level, style, dances, heats, competition_id, scoring_type, is_scholarship)
  VALUES (163, 'Amateur Syllabus Newcomer Smooth Waltz', 'Amateur', 'Syllabus', 'Newcomer', 'Smooth', '["Waltz"]', '[{"round":"final","bibs":[66,73,80,74,93],"judges":[1,2,3]}]', 1, 'proficiency', false) ON CONFLICT (id) DO NOTHING;
INSERT INTO events (id, name, designation, syllabus_type, level, style, dances, heats, competition_id, scoring_type, is_scholarship)
  VALUES (164, 'Amateur Syllabus Newcomer Rhythm Cha Cha', 'Amateur', 'Syllabus', 'Newcomer', 'Rhythm', '["Cha Cha"]', '[{"round":"final","bibs":[67,54,62,92,96],"judges":[1,2,3]}]', 1, 'proficiency', false) ON CONFLICT (id) DO NOTHING;
INSERT INTO events (id, name, designation, syllabus_type, level, style, dances, heats, competition_id, scoring_type, is_scholarship, section_group_id, section_letter)
  VALUES (165, 'Pro-Am Syllabus Bronze Smooth Waltz - A', 'Pro-Am', 'Syllabus', 'Bronze', 'Smooth', '["Waltz"]', '[{"round":"final","bibs":[1,3,4,5],"judges":[1,2,3]}]', 1, 'standard', false, 'sg-sample-1', 'A') ON CONFLICT (id) DO NOTHING;
INSERT INTO events (id, name, designation, syllabus_type, level, style, dances, heats, competition_id, scoring_type, is_scholarship, section_group_id, section_letter)
  VALUES (166, 'Pro-Am Syllabus Bronze Smooth Waltz - B', 'Pro-Am', 'Syllabus', 'Bronze', 'Smooth', '["Waltz"]', '[{"round":"final","bibs":[11,6,7,8],"judges":[1,2,3]}]', 1, 'standard', false, 'sg-sample-1', 'B') ON CONFLICT (id) DO NOTHING;
INSERT INTO events (id, name, designation, syllabus_type, level, style, dances, heats, competition_id, scoring_type, is_scholarship, section_group_id, section_letter)
  VALUES (167, 'Pro-Am Syllabus Bronze Smooth Waltz - C', 'Pro-Am', 'Syllabus', 'Bronze', 'Smooth', '["Waltz"]', '[{"round":"final","bibs":[21,9,10,13],"judges":[1,2,3]}]', 1, 'standard', false, 'sg-sample-1', 'C') ON CONFLICT (id) DO NOTHING;
INSERT INTO events (id, name, designation, syllabus_type, level, style, dances, heats, competition_id, scoring_type, is_scholarship, section_group_id, section_letter)
  VALUES (168, 'Pro-Am Syllabus Silver Rhythm Cha Cha - A', 'Pro-Am', 'Syllabus', 'Silver', 'Rhythm', '["Cha Cha"]', '[{"round":"final","bibs":[2,14,15,16,17,18],"judges":[1,2,3,4,5]}]', 1, 'standard', false, 'sg-sample-2', 'A') ON CONFLICT (id) DO NOTHING;
INSERT INTO events (id, name, designation, syllabus_type, level, style, dances, heats, competition_id, scoring_type, is_scholarship, section_group_id, section_letter)
  VALUES (169, 'Pro-Am Syllabus Silver Rhythm Cha Cha - B', 'Pro-Am', 'Syllabus', 'Silver', 'Rhythm', '["Cha Cha"]', '[{"round":"final","bibs":[12,19,20,23,24,25],"judges":[1,2,3,4,5]}]', 1, 'standard', false, 'sg-sample-2', 'B') ON CONFLICT (id) DO NOTHING;
INSERT INTO events (id, name, designation, syllabus_type, level, style, dances, heats, competition_id, scoring_type, is_scholarship, section_group_id, section_letter)
  VALUES (170, 'Pro-Am Syllabus Bronze Latin Rumba - A', 'Pro-Am', 'Syllabus', 'Bronze', 'Latin', '["Rumba"]', '[{"round":"final","bibs":[26,27,28,29],"judges":[1,2,3]}]', 1, 'proficiency', false, 'sg-sample-3', 'A') ON CONFLICT (id) DO NOTHING;
INSERT INTO events (id, name, designation, syllabus_type, level, style, dances, heats, competition_id, scoring_type, is_scholarship, section_group_id, section_letter)
  VALUES (171, 'Pro-Am Syllabus Bronze Latin Rumba - B', 'Pro-Am', 'Syllabus', 'Bronze', 'Latin', '["Rumba"]', '[{"round":"final","bibs":[36,37,38,39],"judges":[1,2,3]}]', 1, 'proficiency', false, 'sg-sample-3', 'B') ON CONFLICT (id) DO NOTHING;
SELECT setval('events_id_seq', GREATEST((SELECT COALESCE(MAX(id), 0) FROM events), 171));

COMMIT;

-- To load: psql $DATABASE_URL -f sample/seed.sql
