-- ============================================================
-- Galaxy Ballroom Classic 2026 — Sample Data Seed
-- Generated by sample/generate.ts
-- ============================================================

BEGIN;

-- Studios
INSERT INTO studios (id, name, location, contact_info) VALUES (1, 'Starlight Dance Academy', 'Chicago, IL', 'info@starlightdance.com') ON CONFLICT (id) DO NOTHING;
INSERT INTO studios (id, name, location, contact_info) VALUES (2, 'Golden Ballroom Studio', 'New York, NY', 'hello@goldenballroom.com') ON CONFLICT (id) DO NOTHING;
SELECT setval('studios_id_seq', 2);

-- Competition
INSERT INTO competitions (id, name, type, date, location, studio_id, description, judge_settings, default_scoring_type, levels, pricing, entry_payments, created_at)
  VALUES (1, 'Galaxy Ballroom Classic 2026', 'STUDIO', '2026-03-15', 'Grand Hyatt Chicago', 1, 'A comprehensive sample competition showcasing every supported event combination. Includes Pro-Am and Amateur divisions across all styles, levels, and scoring types.', '{"defaultCount":5,"levelOverrides":{"Newcomer":3,"Bronze":3,"Championship":7,"Pre-Championship":5}}', 'standard', '["Newcomer","Bronze","Silver","Gold","Novice","Pre-Championship","Championship"]', '{"singleDance":[{"minEntries":1,"pricePerEntry":95},{"minEntries":6,"pricePerEntry":85},{"minEntries":11,"pricePerEntry":75}],"multiDance":{"mode":"flat","flatTiers":[{"minEntries":1,"pricePerEntry":135},{"minEntries":6,"pricePerEntry":120}],"perDanceCountTiers":{}},"scholarship":[{"minEntries":1,"pricePerEntry":175}]}', '{}', '2026-03-15T09:00:00.000Z')
  ON CONFLICT (id) DO NOTHING;
SELECT setval('competitions_id_seq', 1);

-- People
INSERT INTO people (id, first_name, last_name, email, role, status, competition_id, studio_id) VALUES (1, 'James', 'Smith', 'pro.james.smith@example.com', 'both', 'professional', 1, 1);
INSERT INTO people (id, first_name, last_name, email, role, status, competition_id, studio_id) VALUES (2, 'Robert', 'Johnson', 'pro.robert.johnson@example.com', 'both', 'professional', 1, 1);
INSERT INTO people (id, first_name, last_name, email, role, status, competition_id, studio_id) VALUES (3, 'Michael', 'Williams', 'pro.michael.williams@example.com', 'both', 'professional', 1, 1);
INSERT INTO people (id, first_name, last_name, email, role, status, competition_id, studio_id) VALUES (4, 'David', 'Brown', 'pro.david.brown@example.com', 'both', 'professional', 1, 1);
INSERT INTO people (id, first_name, last_name, email, role, status, competition_id, studio_id) VALUES (5, 'William', 'Jones', 'pro.william.jones@example.com', 'both', 'professional', 1, 1);
INSERT INTO people (id, first_name, last_name, email, role, status, competition_id, studio_id) VALUES (6, 'Richard', 'Garcia', 'pro.richard.garcia@example.com', 'both', 'professional', 1, 2);
INSERT INTO people (id, first_name, last_name, email, role, status, competition_id, studio_id) VALUES (7, 'Joseph', 'Miller', 'pro.joseph.miller@example.com', 'both', 'professional', 1, 2);
INSERT INTO people (id, first_name, last_name, email, role, status, competition_id, studio_id) VALUES (8, 'Thomas', 'Davis', 'pro.thomas.davis@example.com', 'both', 'professional', 1, 2);
INSERT INTO people (id, first_name, last_name, email, role, status, competition_id, studio_id) VALUES (9, 'Christopher', 'Rodriguez', 'pro.christopher.rodriguez@example.com', 'both', 'professional', 1, 2);
INSERT INTO people (id, first_name, last_name, email, role, status, competition_id, studio_id) VALUES (10, 'Daniel', 'Martinez', 'pro.daniel.martinez@example.com', 'both', 'professional', 1, 2);
INSERT INTO people (id, first_name, last_name, email, role, status, competition_id, studio_id) VALUES (11, 'Mary', 'Hernandez', 'pro.mary.hernandez@example.com', 'both', 'professional', 1, 1);
INSERT INTO people (id, first_name, last_name, email, role, status, competition_id, studio_id) VALUES (12, 'Patricia', 'Lopez', 'pro.patricia.lopez@example.com', 'both', 'professional', 1, 1);
INSERT INTO people (id, first_name, last_name, email, role, status, competition_id, studio_id) VALUES (13, 'Jennifer', 'Gonzalez', 'pro.jennifer.gonzalez@example.com', 'both', 'professional', 1, 1);
INSERT INTO people (id, first_name, last_name, email, role, status, competition_id, studio_id) VALUES (14, 'Linda', 'Wilson', 'pro.linda.wilson@example.com', 'both', 'professional', 1, 1);
INSERT INTO people (id, first_name, last_name, email, role, status, competition_id, studio_id) VALUES (15, 'Barbara', 'Anderson', 'pro.barbara.anderson@example.com', 'both', 'professional', 1, 1);
INSERT INTO people (id, first_name, last_name, email, role, status, competition_id, studio_id) VALUES (16, 'Elizabeth', 'Thomas', 'pro.elizabeth.thomas@example.com', 'both', 'professional', 1, 2);
INSERT INTO people (id, first_name, last_name, email, role, status, competition_id, studio_id) VALUES (17, 'Susan', 'Taylor', 'pro.susan.taylor@example.com', 'both', 'professional', 1, 2);
INSERT INTO people (id, first_name, last_name, email, role, status, competition_id, studio_id) VALUES (18, 'Jessica', 'Moore', 'pro.jessica.moore@example.com', 'both', 'professional', 1, 2);
INSERT INTO people (id, first_name, last_name, email, role, status, competition_id, studio_id) VALUES (19, 'Sarah', 'Jackson', 'pro.sarah.jackson@example.com', 'both', 'professional', 1, 2);
INSERT INTO people (id, first_name, last_name, email, role, status, competition_id, studio_id) VALUES (20, 'Karen', 'Martin', 'pro.karen.martin@example.com', 'both', 'professional', 1, 2);
INSERT INTO people (id, first_name, last_name, email, role, status, competition_id, studio_id) VALUES (21, 'Matthew', 'Lee', 'student.l1@example.com', 'leader', 'student', 1, 1);
INSERT INTO people (id, first_name, last_name, email, role, status, competition_id, studio_id) VALUES (22, 'Anthony', 'Perez', 'student.l2@example.com', 'leader', 'student', 1, 1);
INSERT INTO people (id, first_name, last_name, email, role, status, competition_id, studio_id) VALUES (23, 'Mark', 'Thompson', 'student.l3@example.com', 'leader', 'student', 1, 1);
INSERT INTO people (id, first_name, last_name, email, role, status, competition_id, studio_id) VALUES (24, 'Steven', 'White', 'student.l4@example.com', 'leader', 'student', 1, 1);
INSERT INTO people (id, first_name, last_name, email, role, status, competition_id, studio_id) VALUES (25, 'Paul', 'Harris', 'student.l5@example.com', 'leader', 'student', 1, 1);
INSERT INTO people (id, first_name, last_name, email, role, status, competition_id, studio_id) VALUES (26, 'Andrew', 'Sanchez', 'student.l6@example.com', 'leader', 'student', 1, 1);
INSERT INTO people (id, first_name, last_name, email, role, status, competition_id, studio_id) VALUES (27, 'Joshua', 'Clark', 'student.l7@example.com', 'leader', 'student', 1, 1);
INSERT INTO people (id, first_name, last_name, email, role, status, competition_id, studio_id) VALUES (28, 'Kenneth', 'Ramirez', 'student.l8@example.com', 'leader', 'student', 1, 1);
INSERT INTO people (id, first_name, last_name, email, role, status, competition_id, studio_id) VALUES (29, 'Kevin', 'Lewis', 'student.l9@example.com', 'leader', 'student', 1, 1);
INSERT INTO people (id, first_name, last_name, email, role, status, competition_id, studio_id) VALUES (30, 'Brian', 'Robinson', 'student.l10@example.com', 'leader', 'student', 1, 1);
INSERT INTO people (id, first_name, last_name, email, role, status, competition_id, studio_id) VALUES (31, 'George', 'Walker', 'student.l11@example.com', 'leader', 'student', 1, 1);
INSERT INTO people (id, first_name, last_name, email, role, status, competition_id, studio_id) VALUES (32, 'Timothy', 'Young', 'student.l12@example.com', 'leader', 'student', 1, 1);
INSERT INTO people (id, first_name, last_name, email, role, status, competition_id, studio_id) VALUES (33, 'Ronald', 'Allen', 'student.l13@example.com', 'leader', 'student', 1, 1);
INSERT INTO people (id, first_name, last_name, email, role, status, competition_id, studio_id) VALUES (34, 'Edward', 'King', 'student.l14@example.com', 'leader', 'student', 1, 1);
INSERT INTO people (id, first_name, last_name, email, role, status, competition_id, studio_id) VALUES (35, 'Jason', 'Wright', 'student.l15@example.com', 'leader', 'student', 1, 1);
INSERT INTO people (id, first_name, last_name, email, role, status, competition_id, studio_id) VALUES (36, 'Jeffrey', 'Scott', 'student.l16@example.com', 'leader', 'student', 1, 1);
INSERT INTO people (id, first_name, last_name, email, role, status, competition_id, studio_id) VALUES (37, 'Ryan', 'Torres', 'student.l17@example.com', 'leader', 'student', 1, 1);
INSERT INTO people (id, first_name, last_name, email, role, status, competition_id, studio_id) VALUES (38, 'Jacob', 'Nguyen', 'student.l18@example.com', 'leader', 'student', 1, 1);
INSERT INTO people (id, first_name, last_name, email, role, status, competition_id, studio_id) VALUES (39, 'Nicholas', 'Hill', 'student.l19@example.com', 'leader', 'student', 1, 1);
INSERT INTO people (id, first_name, last_name, email, role, status, competition_id, studio_id) VALUES (40, 'Gary', 'Flores', 'student.l20@example.com', 'leader', 'student', 1, 1);
INSERT INTO people (id, first_name, last_name, email, role, status, competition_id, studio_id) VALUES (41, 'Eric', 'Green', 'student.l21@example.com', 'leader', 'student', 1, 1);
INSERT INTO people (id, first_name, last_name, email, role, status, competition_id, studio_id) VALUES (42, 'Jonathan', 'Adams', 'student.l22@example.com', 'leader', 'student', 1, 1);
INSERT INTO people (id, first_name, last_name, email, role, status, competition_id, studio_id) VALUES (43, 'Stephen', 'Nelson', 'student.l23@example.com', 'leader', 'student', 1, 1);
INSERT INTO people (id, first_name, last_name, email, role, status, competition_id, studio_id) VALUES (44, 'Larry', 'Baker', 'student.l24@example.com', 'leader', 'student', 1, 1);
INSERT INTO people (id, first_name, last_name, email, role, status, competition_id, studio_id) VALUES (45, 'Justin', 'Hall', 'student.l25@example.com', 'leader', 'student', 1, 1);
INSERT INTO people (id, first_name, last_name, email, role, status, competition_id, studio_id) VALUES (46, 'Scott', 'Rivera', 'student.l26@example.com', 'leader', 'student', 1, 1);
INSERT INTO people (id, first_name, last_name, email, role, status, competition_id, studio_id) VALUES (47, 'Brandon', 'Campbell', 'student.l27@example.com', 'leader', 'student', 1, 1);
INSERT INTO people (id, first_name, last_name, email, role, status, competition_id, studio_id) VALUES (48, 'Benjamin', 'Mitchell', 'student.l28@example.com', 'leader', 'student', 1, 1);
INSERT INTO people (id, first_name, last_name, email, role, status, competition_id, studio_id) VALUES (49, 'Samuel', 'Carter', 'student.l29@example.com', 'leader', 'student', 1, 1);
INSERT INTO people (id, first_name, last_name, email, role, status, competition_id, studio_id) VALUES (50, 'Patrick', 'Roberts', 'student.l30@example.com', 'leader', 'student', 1, 1);
INSERT INTO people (id, first_name, last_name, email, role, status, competition_id, studio_id) VALUES (51, 'Alexander', 'Chen', 'student.l31@example.com', 'leader', 'student', 1, 1);
INSERT INTO people (id, first_name, last_name, email, role, status, competition_id, studio_id) VALUES (52, 'Frank', 'Kim', 'student.l32@example.com', 'leader', 'student', 1, 1);
INSERT INTO people (id, first_name, last_name, email, role, status, competition_id, studio_id) VALUES (53, 'Raymond', 'Patel', 'student.l33@example.com', 'leader', 'student', 1, 1);
INSERT INTO people (id, first_name, last_name, email, role, status, competition_id, studio_id) VALUES (54, 'Gregory', 'Shah', 'student.l34@example.com', 'leader', 'student', 1, 1);
INSERT INTO people (id, first_name, last_name, email, role, status, competition_id, studio_id) VALUES (55, 'Jack', 'Nakamura', 'student.l35@example.com', 'leader', 'student', 1, 1);
INSERT INTO people (id, first_name, last_name, email, role, status, competition_id, studio_id) VALUES (56, 'Dennis', 'Petrov', 'student.l36@example.com', 'leader', 'student', 1, 1);
INSERT INTO people (id, first_name, last_name, email, role, status, competition_id, studio_id) VALUES (57, 'Jerry', 'Ivanov', 'student.l37@example.com', 'leader', 'student', 1, 1);
INSERT INTO people (id, first_name, last_name, email, role, status, competition_id, studio_id) VALUES (58, 'Tyler', 'Muller', 'student.l38@example.com', 'leader', 'student', 1, 1);
INSERT INTO people (id, first_name, last_name, email, role, status, competition_id, studio_id) VALUES (59, 'Aaron', 'Fischer', 'student.l39@example.com', 'leader', 'student', 1, 1);
INSERT INTO people (id, first_name, last_name, email, role, status, competition_id, studio_id) VALUES (60, 'Jose', 'Weber', 'student.l40@example.com', 'leader', 'student', 1, 1);
INSERT INTO people (id, first_name, last_name, email, role, status, competition_id, studio_id) VALUES (61, 'Adam', 'Smith', 'student.l41@example.com', 'leader', 'student', 1, 1);
INSERT INTO people (id, first_name, last_name, email, role, status, competition_id, studio_id) VALUES (62, 'Nathan', 'Johnson', 'student.l42@example.com', 'leader', 'student', 1, 1);
INSERT INTO people (id, first_name, last_name, email, role, status, competition_id, studio_id) VALUES (63, 'Henry', 'Williams', 'student.l43@example.com', 'leader', 'student', 1, 1);
INSERT INTO people (id, first_name, last_name, email, role, status, competition_id, studio_id) VALUES (64, 'Douglas', 'Brown', 'student.l44@example.com', 'leader', 'student', 1, 1);
INSERT INTO people (id, first_name, last_name, email, role, status, competition_id, studio_id) VALUES (65, 'Peter', 'Jones', 'student.l45@example.com', 'leader', 'student', 1, 1);
INSERT INTO people (id, first_name, last_name, email, role, status, competition_id, studio_id) VALUES (66, 'Zachary', 'Garcia', 'student.l46@example.com', 'leader', 'student', 1, 2);
INSERT INTO people (id, first_name, last_name, email, role, status, competition_id, studio_id) VALUES (67, 'Kyle', 'Miller', 'student.l47@example.com', 'leader', 'student', 1, 2);
INSERT INTO people (id, first_name, last_name, email, role, status, competition_id, studio_id) VALUES (68, 'Noah', 'Davis', 'student.l48@example.com', 'leader', 'student', 1, 2);
INSERT INTO people (id, first_name, last_name, email, role, status, competition_id, studio_id) VALUES (69, 'Ethan', 'Rodriguez', 'student.l49@example.com', 'leader', 'student', 1, 2);
INSERT INTO people (id, first_name, last_name, email, role, status, competition_id, studio_id) VALUES (70, 'Jeremy', 'Martinez', 'student.l50@example.com', 'leader', 'student', 1, 2);
INSERT INTO people (id, first_name, last_name, email, role, status, competition_id, studio_id) VALUES (71, 'James', 'Hernandez', 'student.l51@example.com', 'leader', 'student', 1, 2);
INSERT INTO people (id, first_name, last_name, email, role, status, competition_id, studio_id) VALUES (72, 'Robert', 'Lopez', 'student.l52@example.com', 'leader', 'student', 1, 2);
INSERT INTO people (id, first_name, last_name, email, role, status, competition_id, studio_id) VALUES (73, 'Michael', 'Gonzalez', 'student.l53@example.com', 'leader', 'student', 1, 2);
INSERT INTO people (id, first_name, last_name, email, role, status, competition_id, studio_id) VALUES (74, 'David', 'Wilson', 'student.l54@example.com', 'leader', 'student', 1, 2);
INSERT INTO people (id, first_name, last_name, email, role, status, competition_id, studio_id) VALUES (75, 'William', 'Anderson', 'student.l55@example.com', 'leader', 'student', 1, 2);
INSERT INTO people (id, first_name, last_name, email, role, status, competition_id, studio_id) VALUES (76, 'Richard', 'Thomas', 'student.l56@example.com', 'leader', 'student', 1, 2);
INSERT INTO people (id, first_name, last_name, email, role, status, competition_id, studio_id) VALUES (77, 'Joseph', 'Taylor', 'student.l57@example.com', 'leader', 'student', 1, 2);
INSERT INTO people (id, first_name, last_name, email, role, status, competition_id, studio_id) VALUES (78, 'Thomas', 'Moore', 'student.l58@example.com', 'leader', 'student', 1, 2);
INSERT INTO people (id, first_name, last_name, email, role, status, competition_id, studio_id) VALUES (79, 'Christopher', 'Jackson', 'student.l59@example.com', 'leader', 'student', 1, 2);
INSERT INTO people (id, first_name, last_name, email, role, status, competition_id, studio_id) VALUES (80, 'Daniel', 'Martin', 'student.l60@example.com', 'leader', 'student', 1, 2);
INSERT INTO people (id, first_name, last_name, email, role, status, competition_id, studio_id) VALUES (81, 'Matthew', 'Lee', 'student.l61@example.com', 'leader', 'student', 1, 2);
INSERT INTO people (id, first_name, last_name, email, role, status, competition_id, studio_id) VALUES (82, 'Anthony', 'Perez', 'student.l62@example.com', 'leader', 'student', 1, 2);
INSERT INTO people (id, first_name, last_name, email, role, status, competition_id, studio_id) VALUES (83, 'Mark', 'Thompson', 'student.l63@example.com', 'leader', 'student', 1, 2);
INSERT INTO people (id, first_name, last_name, email, role, status, competition_id, studio_id) VALUES (84, 'Steven', 'White', 'student.l64@example.com', 'leader', 'student', 1, 2);
INSERT INTO people (id, first_name, last_name, email, role, status, competition_id, studio_id) VALUES (85, 'Paul', 'Harris', 'student.l65@example.com', 'leader', 'student', 1, 2);
INSERT INTO people (id, first_name, last_name, email, role, status, competition_id, studio_id) VALUES (86, 'Andrew', 'Sanchez', 'student.l66@example.com', 'leader', 'student', 1, 2);
INSERT INTO people (id, first_name, last_name, email, role, status, competition_id, studio_id) VALUES (87, 'Joshua', 'Clark', 'student.l67@example.com', 'leader', 'student', 1, 2);
INSERT INTO people (id, first_name, last_name, email, role, status, competition_id, studio_id) VALUES (88, 'Kenneth', 'Ramirez', 'student.l68@example.com', 'leader', 'student', 1, 2);
INSERT INTO people (id, first_name, last_name, email, role, status, competition_id, studio_id) VALUES (89, 'Kevin', 'Lewis', 'student.l69@example.com', 'leader', 'student', 1, 2);
INSERT INTO people (id, first_name, last_name, email, role, status, competition_id, studio_id) VALUES (90, 'Brian', 'Robinson', 'student.l70@example.com', 'leader', 'student', 1, 2);
INSERT INTO people (id, first_name, last_name, email, role, status, competition_id, studio_id) VALUES (91, 'George', 'Walker', 'student.l71@example.com', 'leader', 'student', 1, 2);
INSERT INTO people (id, first_name, last_name, email, role, status, competition_id, studio_id) VALUES (92, 'Timothy', 'Young', 'student.l72@example.com', 'leader', 'student', 1, 2);
INSERT INTO people (id, first_name, last_name, email, role, status, competition_id, studio_id) VALUES (93, 'Ronald', 'Allen', 'student.l73@example.com', 'leader', 'student', 1, 2);
INSERT INTO people (id, first_name, last_name, email, role, status, competition_id, studio_id) VALUES (94, 'Edward', 'King', 'student.l74@example.com', 'leader', 'student', 1, 2);
INSERT INTO people (id, first_name, last_name, email, role, status, competition_id, studio_id) VALUES (95, 'Jason', 'Wright', 'student.l75@example.com', 'leader', 'student', 1, 2);
INSERT INTO people (id, first_name, last_name, email, role, status, competition_id, studio_id) VALUES (96, 'Jeffrey', 'Scott', 'student.l76@example.com', 'leader', 'student', 1, 2);
INSERT INTO people (id, first_name, last_name, email, role, status, competition_id, studio_id) VALUES (97, 'Ryan', 'Torres', 'student.l77@example.com', 'leader', 'student', 1, 2);
INSERT INTO people (id, first_name, last_name, email, role, status, competition_id, studio_id) VALUES (98, 'Jacob', 'Nguyen', 'student.l78@example.com', 'leader', 'student', 1, 2);
INSERT INTO people (id, first_name, last_name, email, role, status, competition_id, studio_id) VALUES (99, 'Nicholas', 'Hill', 'student.l79@example.com', 'leader', 'student', 1, 2);
INSERT INTO people (id, first_name, last_name, email, role, status, competition_id, studio_id) VALUES (100, 'Gary', 'Flores', 'student.l80@example.com', 'leader', 'student', 1, 2);
INSERT INTO people (id, first_name, last_name, email, role, status, competition_id, studio_id) VALUES (101, 'Eric', 'Green', 'student.l81@example.com', 'leader', 'student', 1, 2);
INSERT INTO people (id, first_name, last_name, email, role, status, competition_id, studio_id) VALUES (102, 'Jonathan', 'Adams', 'student.l82@example.com', 'leader', 'student', 1, 2);
INSERT INTO people (id, first_name, last_name, email, role, status, competition_id, studio_id) VALUES (103, 'Stephen', 'Nelson', 'student.l83@example.com', 'leader', 'student', 1, 2);
INSERT INTO people (id, first_name, last_name, email, role, status, competition_id, studio_id) VALUES (104, 'Larry', 'Baker', 'student.l84@example.com', 'leader', 'student', 1, 2);
INSERT INTO people (id, first_name, last_name, email, role, status, competition_id, studio_id) VALUES (105, 'Justin', 'Hall', 'student.l85@example.com', 'leader', 'student', 1, 2);
INSERT INTO people (id, first_name, last_name, email, role, status, competition_id, studio_id) VALUES (106, 'Scott', 'Rivera', 'student.l86@example.com', 'leader', 'student', 1, 2);
INSERT INTO people (id, first_name, last_name, email, role, status, competition_id, studio_id) VALUES (107, 'Brandon', 'Campbell', 'student.l87@example.com', 'leader', 'student', 1, 2);
INSERT INTO people (id, first_name, last_name, email, role, status, competition_id, studio_id) VALUES (108, 'Benjamin', 'Mitchell', 'student.l88@example.com', 'leader', 'student', 1, 2);
INSERT INTO people (id, first_name, last_name, email, role, status, competition_id, studio_id) VALUES (109, 'Samuel', 'Carter', 'student.l89@example.com', 'leader', 'student', 1, 2);
INSERT INTO people (id, first_name, last_name, email, role, status, competition_id, studio_id) VALUES (110, 'Patrick', 'Roberts', 'student.l90@example.com', 'leader', 'student', 1, 2);
INSERT INTO people (id, first_name, last_name, email, role, status, competition_id, studio_id) VALUES (111, 'Lisa', 'Walker', 'student.f1@example.com', 'follower', 'student', 1, 1);
INSERT INTO people (id, first_name, last_name, email, role, status, competition_id, studio_id) VALUES (112, 'Nancy', 'Young', 'student.f2@example.com', 'follower', 'student', 1, 1);
INSERT INTO people (id, first_name, last_name, email, role, status, competition_id, studio_id) VALUES (113, 'Betty', 'Allen', 'student.f3@example.com', 'follower', 'student', 1, 1);
INSERT INTO people (id, first_name, last_name, email, role, status, competition_id, studio_id) VALUES (114, 'Margaret', 'King', 'student.f4@example.com', 'follower', 'student', 1, 1);
INSERT INTO people (id, first_name, last_name, email, role, status, competition_id, studio_id) VALUES (115, 'Sandra', 'Wright', 'student.f5@example.com', 'follower', 'student', 1, 1);
INSERT INTO people (id, first_name, last_name, email, role, status, competition_id, studio_id) VALUES (116, 'Ashley', 'Scott', 'student.f6@example.com', 'follower', 'student', 1, 1);
INSERT INTO people (id, first_name, last_name, email, role, status, competition_id, studio_id) VALUES (117, 'Dorothy', 'Torres', 'student.f7@example.com', 'follower', 'student', 1, 1);
INSERT INTO people (id, first_name, last_name, email, role, status, competition_id, studio_id) VALUES (118, 'Kimberly', 'Nguyen', 'student.f8@example.com', 'follower', 'student', 1, 1);
INSERT INTO people (id, first_name, last_name, email, role, status, competition_id, studio_id) VALUES (119, 'Emily', 'Hill', 'student.f9@example.com', 'follower', 'student', 1, 1);
INSERT INTO people (id, first_name, last_name, email, role, status, competition_id, studio_id) VALUES (120, 'Donna', 'Flores', 'student.f10@example.com', 'follower', 'student', 1, 1);
INSERT INTO people (id, first_name, last_name, email, role, status, competition_id, studio_id) VALUES (121, 'Michelle', 'Green', 'student.f11@example.com', 'follower', 'student', 1, 1);
INSERT INTO people (id, first_name, last_name, email, role, status, competition_id, studio_id) VALUES (122, 'Carol', 'Adams', 'student.f12@example.com', 'follower', 'student', 1, 1);
INSERT INTO people (id, first_name, last_name, email, role, status, competition_id, studio_id) VALUES (123, 'Amanda', 'Nelson', 'student.f13@example.com', 'follower', 'student', 1, 1);
INSERT INTO people (id, first_name, last_name, email, role, status, competition_id, studio_id) VALUES (124, 'Melissa', 'Baker', 'student.f14@example.com', 'follower', 'student', 1, 1);
INSERT INTO people (id, first_name, last_name, email, role, status, competition_id, studio_id) VALUES (125, 'Deborah', 'Hall', 'student.f15@example.com', 'follower', 'student', 1, 1);
INSERT INTO people (id, first_name, last_name, email, role, status, competition_id, studio_id) VALUES (126, 'Stephanie', 'Rivera', 'student.f16@example.com', 'follower', 'student', 1, 1);
INSERT INTO people (id, first_name, last_name, email, role, status, competition_id, studio_id) VALUES (127, 'Rebecca', 'Campbell', 'student.f17@example.com', 'follower', 'student', 1, 1);
INSERT INTO people (id, first_name, last_name, email, role, status, competition_id, studio_id) VALUES (128, 'Sharon', 'Mitchell', 'student.f18@example.com', 'follower', 'student', 1, 1);
INSERT INTO people (id, first_name, last_name, email, role, status, competition_id, studio_id) VALUES (129, 'Laura', 'Carter', 'student.f19@example.com', 'follower', 'student', 1, 1);
INSERT INTO people (id, first_name, last_name, email, role, status, competition_id, studio_id) VALUES (130, 'Cynthia', 'Roberts', 'student.f20@example.com', 'follower', 'student', 1, 1);
INSERT INTO people (id, first_name, last_name, email, role, status, competition_id, studio_id) VALUES (131, 'Kathleen', 'Chen', 'student.f21@example.com', 'follower', 'student', 1, 1);
INSERT INTO people (id, first_name, last_name, email, role, status, competition_id, studio_id) VALUES (132, 'Amy', 'Kim', 'student.f22@example.com', 'follower', 'student', 1, 1);
INSERT INTO people (id, first_name, last_name, email, role, status, competition_id, studio_id) VALUES (133, 'Angela', 'Patel', 'student.f23@example.com', 'follower', 'student', 1, 1);
INSERT INTO people (id, first_name, last_name, email, role, status, competition_id, studio_id) VALUES (134, 'Shirley', 'Shah', 'student.f24@example.com', 'follower', 'student', 1, 1);
INSERT INTO people (id, first_name, last_name, email, role, status, competition_id, studio_id) VALUES (135, 'Anna', 'Nakamura', 'student.f25@example.com', 'follower', 'student', 1, 1);
INSERT INTO people (id, first_name, last_name, email, role, status, competition_id, studio_id) VALUES (136, 'Brenda', 'Petrov', 'student.f26@example.com', 'follower', 'student', 1, 1);
INSERT INTO people (id, first_name, last_name, email, role, status, competition_id, studio_id) VALUES (137, 'Pamela', 'Ivanov', 'student.f27@example.com', 'follower', 'student', 1, 1);
INSERT INTO people (id, first_name, last_name, email, role, status, competition_id, studio_id) VALUES (138, 'Emma', 'Muller', 'student.f28@example.com', 'follower', 'student', 1, 1);
INSERT INTO people (id, first_name, last_name, email, role, status, competition_id, studio_id) VALUES (139, 'Nicole', 'Fischer', 'student.f29@example.com', 'follower', 'student', 1, 1);
INSERT INTO people (id, first_name, last_name, email, role, status, competition_id, studio_id) VALUES (140, 'Helen', 'Weber', 'student.f30@example.com', 'follower', 'student', 1, 1);
INSERT INTO people (id, first_name, last_name, email, role, status, competition_id, studio_id) VALUES (141, 'Samantha', 'Smith', 'student.f31@example.com', 'follower', 'student', 1, 1);
INSERT INTO people (id, first_name, last_name, email, role, status, competition_id, studio_id) VALUES (142, 'Katherine', 'Johnson', 'student.f32@example.com', 'follower', 'student', 1, 1);
INSERT INTO people (id, first_name, last_name, email, role, status, competition_id, studio_id) VALUES (143, 'Christine', 'Williams', 'student.f33@example.com', 'follower', 'student', 1, 1);
INSERT INTO people (id, first_name, last_name, email, role, status, competition_id, studio_id) VALUES (144, 'Debra', 'Brown', 'student.f34@example.com', 'follower', 'student', 1, 1);
INSERT INTO people (id, first_name, last_name, email, role, status, competition_id, studio_id) VALUES (145, 'Rachel', 'Jones', 'student.f35@example.com', 'follower', 'student', 1, 1);
INSERT INTO people (id, first_name, last_name, email, role, status, competition_id, studio_id) VALUES (146, 'Carolyn', 'Garcia', 'student.f36@example.com', 'follower', 'student', 1, 1);
INSERT INTO people (id, first_name, last_name, email, role, status, competition_id, studio_id) VALUES (147, 'Janet', 'Miller', 'student.f37@example.com', 'follower', 'student', 1, 1);
INSERT INTO people (id, first_name, last_name, email, role, status, competition_id, studio_id) VALUES (148, 'Catherine', 'Davis', 'student.f38@example.com', 'follower', 'student', 1, 1);
INSERT INTO people (id, first_name, last_name, email, role, status, competition_id, studio_id) VALUES (149, 'Maria', 'Rodriguez', 'student.f39@example.com', 'follower', 'student', 1, 1);
INSERT INTO people (id, first_name, last_name, email, role, status, competition_id, studio_id) VALUES (150, 'Heather', 'Martinez', 'student.f40@example.com', 'follower', 'student', 1, 1);
INSERT INTO people (id, first_name, last_name, email, role, status, competition_id, studio_id) VALUES (151, 'Diane', 'Hernandez', 'student.f41@example.com', 'follower', 'student', 1, 1);
INSERT INTO people (id, first_name, last_name, email, role, status, competition_id, studio_id) VALUES (152, 'Ruth', 'Lopez', 'student.f42@example.com', 'follower', 'student', 1, 1);
INSERT INTO people (id, first_name, last_name, email, role, status, competition_id, studio_id) VALUES (153, 'Julie', 'Gonzalez', 'student.f43@example.com', 'follower', 'student', 1, 1);
INSERT INTO people (id, first_name, last_name, email, role, status, competition_id, studio_id) VALUES (154, 'Olivia', 'Wilson', 'student.f44@example.com', 'follower', 'student', 1, 1);
INSERT INTO people (id, first_name, last_name, email, role, status, competition_id, studio_id) VALUES (155, 'Joyce', 'Anderson', 'student.f45@example.com', 'follower', 'student', 1, 1);
INSERT INTO people (id, first_name, last_name, email, role, status, competition_id, studio_id) VALUES (156, 'Virginia', 'Thomas', 'student.f46@example.com', 'follower', 'student', 1, 2);
INSERT INTO people (id, first_name, last_name, email, role, status, competition_id, studio_id) VALUES (157, 'Victoria', 'Taylor', 'student.f47@example.com', 'follower', 'student', 1, 2);
INSERT INTO people (id, first_name, last_name, email, role, status, competition_id, studio_id) VALUES (158, 'Kelly', 'Moore', 'student.f48@example.com', 'follower', 'student', 1, 2);
INSERT INTO people (id, first_name, last_name, email, role, status, competition_id, studio_id) VALUES (159, 'Lauren', 'Jackson', 'student.f49@example.com', 'follower', 'student', 1, 2);
INSERT INTO people (id, first_name, last_name, email, role, status, competition_id, studio_id) VALUES (160, 'Christina', 'Martin', 'student.f50@example.com', 'follower', 'student', 1, 2);
INSERT INTO people (id, first_name, last_name, email, role, status, competition_id, studio_id) VALUES (161, 'Mary', 'Lee', 'student.f51@example.com', 'follower', 'student', 1, 2);
INSERT INTO people (id, first_name, last_name, email, role, status, competition_id, studio_id) VALUES (162, 'Patricia', 'Perez', 'student.f52@example.com', 'follower', 'student', 1, 2);
INSERT INTO people (id, first_name, last_name, email, role, status, competition_id, studio_id) VALUES (163, 'Jennifer', 'Thompson', 'student.f53@example.com', 'follower', 'student', 1, 2);
INSERT INTO people (id, first_name, last_name, email, role, status, competition_id, studio_id) VALUES (164, 'Linda', 'White', 'student.f54@example.com', 'follower', 'student', 1, 2);
INSERT INTO people (id, first_name, last_name, email, role, status, competition_id, studio_id) VALUES (165, 'Barbara', 'Harris', 'student.f55@example.com', 'follower', 'student', 1, 2);
INSERT INTO people (id, first_name, last_name, email, role, status, competition_id, studio_id) VALUES (166, 'Elizabeth', 'Sanchez', 'student.f56@example.com', 'follower', 'student', 1, 2);
INSERT INTO people (id, first_name, last_name, email, role, status, competition_id, studio_id) VALUES (167, 'Susan', 'Clark', 'student.f57@example.com', 'follower', 'student', 1, 2);
INSERT INTO people (id, first_name, last_name, email, role, status, competition_id, studio_id) VALUES (168, 'Jessica', 'Ramirez', 'student.f58@example.com', 'follower', 'student', 1, 2);
INSERT INTO people (id, first_name, last_name, email, role, status, competition_id, studio_id) VALUES (169, 'Sarah', 'Lewis', 'student.f59@example.com', 'follower', 'student', 1, 2);
INSERT INTO people (id, first_name, last_name, email, role, status, competition_id, studio_id) VALUES (170, 'Karen', 'Robinson', 'student.f60@example.com', 'follower', 'student', 1, 2);
INSERT INTO people (id, first_name, last_name, email, role, status, competition_id, studio_id) VALUES (171, 'Lisa', 'Walker', 'student.f61@example.com', 'follower', 'student', 1, 2);
INSERT INTO people (id, first_name, last_name, email, role, status, competition_id, studio_id) VALUES (172, 'Nancy', 'Young', 'student.f62@example.com', 'follower', 'student', 1, 2);
INSERT INTO people (id, first_name, last_name, email, role, status, competition_id, studio_id) VALUES (173, 'Betty', 'Allen', 'student.f63@example.com', 'follower', 'student', 1, 2);
INSERT INTO people (id, first_name, last_name, email, role, status, competition_id, studio_id) VALUES (174, 'Margaret', 'King', 'student.f64@example.com', 'follower', 'student', 1, 2);
INSERT INTO people (id, first_name, last_name, email, role, status, competition_id, studio_id) VALUES (175, 'Sandra', 'Wright', 'student.f65@example.com', 'follower', 'student', 1, 2);
INSERT INTO people (id, first_name, last_name, email, role, status, competition_id, studio_id) VALUES (176, 'Ashley', 'Scott', 'student.f66@example.com', 'follower', 'student', 1, 2);
INSERT INTO people (id, first_name, last_name, email, role, status, competition_id, studio_id) VALUES (177, 'Dorothy', 'Torres', 'student.f67@example.com', 'follower', 'student', 1, 2);
INSERT INTO people (id, first_name, last_name, email, role, status, competition_id, studio_id) VALUES (178, 'Kimberly', 'Nguyen', 'student.f68@example.com', 'follower', 'student', 1, 2);
INSERT INTO people (id, first_name, last_name, email, role, status, competition_id, studio_id) VALUES (179, 'Emily', 'Hill', 'student.f69@example.com', 'follower', 'student', 1, 2);
INSERT INTO people (id, first_name, last_name, email, role, status, competition_id, studio_id) VALUES (180, 'Donna', 'Flores', 'student.f70@example.com', 'follower', 'student', 1, 2);
INSERT INTO people (id, first_name, last_name, email, role, status, competition_id, studio_id) VALUES (181, 'Michelle', 'Green', 'student.f71@example.com', 'follower', 'student', 1, 2);
INSERT INTO people (id, first_name, last_name, email, role, status, competition_id, studio_id) VALUES (182, 'Carol', 'Adams', 'student.f72@example.com', 'follower', 'student', 1, 2);
INSERT INTO people (id, first_name, last_name, email, role, status, competition_id, studio_id) VALUES (183, 'Amanda', 'Nelson', 'student.f73@example.com', 'follower', 'student', 1, 2);
INSERT INTO people (id, first_name, last_name, email, role, status, competition_id, studio_id) VALUES (184, 'Melissa', 'Baker', 'student.f74@example.com', 'follower', 'student', 1, 2);
INSERT INTO people (id, first_name, last_name, email, role, status, competition_id, studio_id) VALUES (185, 'Deborah', 'Hall', 'student.f75@example.com', 'follower', 'student', 1, 2);
INSERT INTO people (id, first_name, last_name, email, role, status, competition_id, studio_id) VALUES (186, 'Stephanie', 'Rivera', 'student.f76@example.com', 'follower', 'student', 1, 2);
INSERT INTO people (id, first_name, last_name, email, role, status, competition_id, studio_id) VALUES (187, 'Rebecca', 'Campbell', 'student.f77@example.com', 'follower', 'student', 1, 2);
INSERT INTO people (id, first_name, last_name, email, role, status, competition_id, studio_id) VALUES (188, 'Sharon', 'Mitchell', 'student.f78@example.com', 'follower', 'student', 1, 2);
INSERT INTO people (id, first_name, last_name, email, role, status, competition_id, studio_id) VALUES (189, 'Laura', 'Carter', 'student.f79@example.com', 'follower', 'student', 1, 2);
INSERT INTO people (id, first_name, last_name, email, role, status, competition_id, studio_id) VALUES (190, 'Cynthia', 'Roberts', 'student.f80@example.com', 'follower', 'student', 1, 2);
INSERT INTO people (id, first_name, last_name, email, role, status, competition_id, studio_id) VALUES (191, 'Kathleen', 'Chen', 'student.f81@example.com', 'follower', 'student', 1, 2);
INSERT INTO people (id, first_name, last_name, email, role, status, competition_id, studio_id) VALUES (192, 'Amy', 'Kim', 'student.f82@example.com', 'follower', 'student', 1, 2);
INSERT INTO people (id, first_name, last_name, email, role, status, competition_id, studio_id) VALUES (193, 'Angela', 'Patel', 'student.f83@example.com', 'follower', 'student', 1, 2);
INSERT INTO people (id, first_name, last_name, email, role, status, competition_id, studio_id) VALUES (194, 'Shirley', 'Shah', 'student.f84@example.com', 'follower', 'student', 1, 2);
INSERT INTO people (id, first_name, last_name, email, role, status, competition_id, studio_id) VALUES (195, 'Anna', 'Nakamura', 'student.f85@example.com', 'follower', 'student', 1, 2);
INSERT INTO people (id, first_name, last_name, email, role, status, competition_id, studio_id) VALUES (196, 'Brenda', 'Petrov', 'student.f86@example.com', 'follower', 'student', 1, 2);
INSERT INTO people (id, first_name, last_name, email, role, status, competition_id, studio_id) VALUES (197, 'Pamela', 'Ivanov', 'student.f87@example.com', 'follower', 'student', 1, 2);
INSERT INTO people (id, first_name, last_name, email, role, status, competition_id, studio_id) VALUES (198, 'Emma', 'Muller', 'student.f88@example.com', 'follower', 'student', 1, 2);
INSERT INTO people (id, first_name, last_name, email, role, status, competition_id, studio_id) VALUES (199, 'Nicole', 'Fischer', 'student.f89@example.com', 'follower', 'student', 1, 2);
INSERT INTO people (id, first_name, last_name, email, role, status, competition_id, studio_id) VALUES (200, 'Helen', 'Weber', 'student.f90@example.com', 'follower', 'student', 1, 2);
SELECT setval('people_id_seq', 200);

-- Couples
INSERT INTO couples (bib, leader_id, follower_id, leader_name, follower_name, competition_id) VALUES (1, 1, 111, 'James Smith', 'Lisa Walker', 1);
INSERT INTO couples (bib, leader_id, follower_id, leader_name, follower_name, competition_id) VALUES (2, 2, 112, 'Robert Johnson', 'Nancy Young', 1);
INSERT INTO couples (bib, leader_id, follower_id, leader_name, follower_name, competition_id) VALUES (3, 3, 113, 'Michael Williams', 'Betty Allen', 1);
INSERT INTO couples (bib, leader_id, follower_id, leader_name, follower_name, competition_id) VALUES (4, 4, 114, 'David Brown', 'Margaret King', 1);
INSERT INTO couples (bib, leader_id, follower_id, leader_name, follower_name, competition_id) VALUES (5, 5, 115, 'William Jones', 'Sandra Wright', 1);
INSERT INTO couples (bib, leader_id, follower_id, leader_name, follower_name, competition_id) VALUES (6, 6, 116, 'Richard Garcia', 'Ashley Scott', 1);
INSERT INTO couples (bib, leader_id, follower_id, leader_name, follower_name, competition_id) VALUES (7, 7, 117, 'Joseph Miller', 'Dorothy Torres', 1);
INSERT INTO couples (bib, leader_id, follower_id, leader_name, follower_name, competition_id) VALUES (8, 8, 118, 'Thomas Davis', 'Kimberly Nguyen', 1);
INSERT INTO couples (bib, leader_id, follower_id, leader_name, follower_name, competition_id) VALUES (9, 9, 119, 'Christopher Rodriguez', 'Emily Hill', 1);
INSERT INTO couples (bib, leader_id, follower_id, leader_name, follower_name, competition_id) VALUES (10, 10, 120, 'Daniel Martinez', 'Donna Flores', 1);
INSERT INTO couples (bib, leader_id, follower_id, leader_name, follower_name, competition_id) VALUES (11, 1, 121, 'James Smith', 'Michelle Green', 1);
INSERT INTO couples (bib, leader_id, follower_id, leader_name, follower_name, competition_id) VALUES (12, 2, 122, 'Robert Johnson', 'Carol Adams', 1);
INSERT INTO couples (bib, leader_id, follower_id, leader_name, follower_name, competition_id) VALUES (13, 3, 123, 'Michael Williams', 'Amanda Nelson', 1);
INSERT INTO couples (bib, leader_id, follower_id, leader_name, follower_name, competition_id) VALUES (14, 4, 124, 'David Brown', 'Melissa Baker', 1);
INSERT INTO couples (bib, leader_id, follower_id, leader_name, follower_name, competition_id) VALUES (15, 5, 125, 'William Jones', 'Deborah Hall', 1);
INSERT INTO couples (bib, leader_id, follower_id, leader_name, follower_name, competition_id) VALUES (16, 6, 126, 'Richard Garcia', 'Stephanie Rivera', 1);
INSERT INTO couples (bib, leader_id, follower_id, leader_name, follower_name, competition_id) VALUES (17, 7, 127, 'Joseph Miller', 'Rebecca Campbell', 1);
INSERT INTO couples (bib, leader_id, follower_id, leader_name, follower_name, competition_id) VALUES (18, 8, 128, 'Thomas Davis', 'Sharon Mitchell', 1);
INSERT INTO couples (bib, leader_id, follower_id, leader_name, follower_name, competition_id) VALUES (19, 9, 129, 'Christopher Rodriguez', 'Laura Carter', 1);
INSERT INTO couples (bib, leader_id, follower_id, leader_name, follower_name, competition_id) VALUES (20, 10, 130, 'Daniel Martinez', 'Cynthia Roberts', 1);
INSERT INTO couples (bib, leader_id, follower_id, leader_name, follower_name, competition_id) VALUES (21, 1, 131, 'James Smith', 'Kathleen Chen', 1);
INSERT INTO couples (bib, leader_id, follower_id, leader_name, follower_name, competition_id) VALUES (22, 2, 132, 'Robert Johnson', 'Amy Kim', 1);
INSERT INTO couples (bib, leader_id, follower_id, leader_name, follower_name, competition_id) VALUES (23, 3, 133, 'Michael Williams', 'Angela Patel', 1);
INSERT INTO couples (bib, leader_id, follower_id, leader_name, follower_name, competition_id) VALUES (24, 4, 134, 'David Brown', 'Shirley Shah', 1);
INSERT INTO couples (bib, leader_id, follower_id, leader_name, follower_name, competition_id) VALUES (25, 5, 135, 'William Jones', 'Anna Nakamura', 1);
INSERT INTO couples (bib, leader_id, follower_id, leader_name, follower_name, competition_id) VALUES (26, 21, 1, 'Matthew Lee', 'James Smith', 1);
INSERT INTO couples (bib, leader_id, follower_id, leader_name, follower_name, competition_id) VALUES (27, 22, 2, 'Anthony Perez', 'Robert Johnson', 1);
INSERT INTO couples (bib, leader_id, follower_id, leader_name, follower_name, competition_id) VALUES (28, 23, 3, 'Mark Thompson', 'Michael Williams', 1);
INSERT INTO couples (bib, leader_id, follower_id, leader_name, follower_name, competition_id) VALUES (29, 24, 4, 'Steven White', 'David Brown', 1);
INSERT INTO couples (bib, leader_id, follower_id, leader_name, follower_name, competition_id) VALUES (30, 25, 5, 'Paul Harris', 'William Jones', 1);
INSERT INTO couples (bib, leader_id, follower_id, leader_name, follower_name, competition_id) VALUES (31, 26, 6, 'Andrew Sanchez', 'Richard Garcia', 1);
INSERT INTO couples (bib, leader_id, follower_id, leader_name, follower_name, competition_id) VALUES (32, 27, 7, 'Joshua Clark', 'Joseph Miller', 1);
INSERT INTO couples (bib, leader_id, follower_id, leader_name, follower_name, competition_id) VALUES (33, 28, 8, 'Kenneth Ramirez', 'Thomas Davis', 1);
INSERT INTO couples (bib, leader_id, follower_id, leader_name, follower_name, competition_id) VALUES (34, 29, 9, 'Kevin Lewis', 'Christopher Rodriguez', 1);
INSERT INTO couples (bib, leader_id, follower_id, leader_name, follower_name, competition_id) VALUES (35, 30, 10, 'Brian Robinson', 'Daniel Martinez', 1);
INSERT INTO couples (bib, leader_id, follower_id, leader_name, follower_name, competition_id) VALUES (36, 31, 1, 'George Walker', 'James Smith', 1);
INSERT INTO couples (bib, leader_id, follower_id, leader_name, follower_name, competition_id) VALUES (37, 32, 2, 'Timothy Young', 'Robert Johnson', 1);
INSERT INTO couples (bib, leader_id, follower_id, leader_name, follower_name, competition_id) VALUES (38, 33, 3, 'Ronald Allen', 'Michael Williams', 1);
INSERT INTO couples (bib, leader_id, follower_id, leader_name, follower_name, competition_id) VALUES (39, 34, 4, 'Edward King', 'David Brown', 1);
INSERT INTO couples (bib, leader_id, follower_id, leader_name, follower_name, competition_id) VALUES (40, 35, 5, 'Jason Wright', 'William Jones', 1);
INSERT INTO couples (bib, leader_id, follower_id, leader_name, follower_name, competition_id) VALUES (41, 36, 6, 'Jeffrey Scott', 'Richard Garcia', 1);
INSERT INTO couples (bib, leader_id, follower_id, leader_name, follower_name, competition_id) VALUES (42, 37, 7, 'Ryan Torres', 'Joseph Miller', 1);
INSERT INTO couples (bib, leader_id, follower_id, leader_name, follower_name, competition_id) VALUES (43, 38, 8, 'Jacob Nguyen', 'Thomas Davis', 1);
INSERT INTO couples (bib, leader_id, follower_id, leader_name, follower_name, competition_id) VALUES (44, 39, 9, 'Nicholas Hill', 'Christopher Rodriguez', 1);
INSERT INTO couples (bib, leader_id, follower_id, leader_name, follower_name, competition_id) VALUES (45, 40, 10, 'Gary Flores', 'Daniel Martinez', 1);
INSERT INTO couples (bib, leader_id, follower_id, leader_name, follower_name, competition_id) VALUES (46, 41, 1, 'Eric Green', 'James Smith', 1);
INSERT INTO couples (bib, leader_id, follower_id, leader_name, follower_name, competition_id) VALUES (47, 42, 2, 'Jonathan Adams', 'Robert Johnson', 1);
INSERT INTO couples (bib, leader_id, follower_id, leader_name, follower_name, competition_id) VALUES (48, 43, 3, 'Stephen Nelson', 'Michael Williams', 1);
INSERT INTO couples (bib, leader_id, follower_id, leader_name, follower_name, competition_id) VALUES (49, 44, 4, 'Larry Baker', 'David Brown', 1);
INSERT INTO couples (bib, leader_id, follower_id, leader_name, follower_name, competition_id) VALUES (50, 45, 5, 'Justin Hall', 'William Jones', 1);
INSERT INTO couples (bib, leader_id, follower_id, leader_name, follower_name, competition_id) VALUES (51, 46, 136, 'Scott Rivera', 'Brenda Petrov', 1);
INSERT INTO couples (bib, leader_id, follower_id, leader_name, follower_name, competition_id) VALUES (52, 47, 137, 'Brandon Campbell', 'Pamela Ivanov', 1);
INSERT INTO couples (bib, leader_id, follower_id, leader_name, follower_name, competition_id) VALUES (53, 48, 138, 'Benjamin Mitchell', 'Emma Muller', 1);
INSERT INTO couples (bib, leader_id, follower_id, leader_name, follower_name, competition_id) VALUES (54, 49, 139, 'Samuel Carter', 'Nicole Fischer', 1);
INSERT INTO couples (bib, leader_id, follower_id, leader_name, follower_name, competition_id) VALUES (55, 50, 140, 'Patrick Roberts', 'Helen Weber', 1);
INSERT INTO couples (bib, leader_id, follower_id, leader_name, follower_name, competition_id) VALUES (56, 51, 141, 'Alexander Chen', 'Samantha Smith', 1);
INSERT INTO couples (bib, leader_id, follower_id, leader_name, follower_name, competition_id) VALUES (57, 52, 142, 'Frank Kim', 'Katherine Johnson', 1);
INSERT INTO couples (bib, leader_id, follower_id, leader_name, follower_name, competition_id) VALUES (58, 53, 143, 'Raymond Patel', 'Christine Williams', 1);
INSERT INTO couples (bib, leader_id, follower_id, leader_name, follower_name, competition_id) VALUES (59, 54, 144, 'Gregory Shah', 'Debra Brown', 1);
INSERT INTO couples (bib, leader_id, follower_id, leader_name, follower_name, competition_id) VALUES (60, 55, 145, 'Jack Nakamura', 'Rachel Jones', 1);
INSERT INTO couples (bib, leader_id, follower_id, leader_name, follower_name, competition_id) VALUES (61, 56, 146, 'Dennis Petrov', 'Carolyn Garcia', 1);
INSERT INTO couples (bib, leader_id, follower_id, leader_name, follower_name, competition_id) VALUES (62, 57, 147, 'Jerry Ivanov', 'Janet Miller', 1);
INSERT INTO couples (bib, leader_id, follower_id, leader_name, follower_name, competition_id) VALUES (63, 58, 148, 'Tyler Muller', 'Catherine Davis', 1);
INSERT INTO couples (bib, leader_id, follower_id, leader_name, follower_name, competition_id) VALUES (64, 59, 149, 'Aaron Fischer', 'Maria Rodriguez', 1);
INSERT INTO couples (bib, leader_id, follower_id, leader_name, follower_name, competition_id) VALUES (65, 60, 150, 'Jose Weber', 'Heather Martinez', 1);
INSERT INTO couples (bib, leader_id, follower_id, leader_name, follower_name, competition_id) VALUES (66, 61, 151, 'Adam Smith', 'Diane Hernandez', 1);
INSERT INTO couples (bib, leader_id, follower_id, leader_name, follower_name, competition_id) VALUES (67, 62, 152, 'Nathan Johnson', 'Ruth Lopez', 1);
INSERT INTO couples (bib, leader_id, follower_id, leader_name, follower_name, competition_id) VALUES (68, 63, 153, 'Henry Williams', 'Julie Gonzalez', 1);
INSERT INTO couples (bib, leader_id, follower_id, leader_name, follower_name, competition_id) VALUES (69, 64, 154, 'Douglas Brown', 'Olivia Wilson', 1);
INSERT INTO couples (bib, leader_id, follower_id, leader_name, follower_name, competition_id) VALUES (70, 65, 155, 'Peter Jones', 'Joyce Anderson', 1);
INSERT INTO couples (bib, leader_id, follower_id, leader_name, follower_name, competition_id) VALUES (71, 66, 156, 'Zachary Garcia', 'Virginia Thomas', 1);
INSERT INTO couples (bib, leader_id, follower_id, leader_name, follower_name, competition_id) VALUES (72, 67, 157, 'Kyle Miller', 'Victoria Taylor', 1);
INSERT INTO couples (bib, leader_id, follower_id, leader_name, follower_name, competition_id) VALUES (73, 68, 158, 'Noah Davis', 'Kelly Moore', 1);
INSERT INTO couples (bib, leader_id, follower_id, leader_name, follower_name, competition_id) VALUES (74, 69, 159, 'Ethan Rodriguez', 'Lauren Jackson', 1);
INSERT INTO couples (bib, leader_id, follower_id, leader_name, follower_name, competition_id) VALUES (75, 70, 160, 'Jeremy Martinez', 'Christina Martin', 1);
INSERT INTO couples (bib, leader_id, follower_id, leader_name, follower_name, competition_id) VALUES (76, 71, 161, 'James Hernandez', 'Mary Lee', 1);
INSERT INTO couples (bib, leader_id, follower_id, leader_name, follower_name, competition_id) VALUES (77, 72, 162, 'Robert Lopez', 'Patricia Perez', 1);
INSERT INTO couples (bib, leader_id, follower_id, leader_name, follower_name, competition_id) VALUES (78, 73, 163, 'Michael Gonzalez', 'Jennifer Thompson', 1);
INSERT INTO couples (bib, leader_id, follower_id, leader_name, follower_name, competition_id) VALUES (79, 74, 164, 'David Wilson', 'Linda White', 1);
INSERT INTO couples (bib, leader_id, follower_id, leader_name, follower_name, competition_id) VALUES (80, 75, 165, 'William Anderson', 'Barbara Harris', 1);
INSERT INTO couples (bib, leader_id, follower_id, leader_name, follower_name, competition_id) VALUES (81, 76, 166, 'Richard Thomas', 'Elizabeth Sanchez', 1);
INSERT INTO couples (bib, leader_id, follower_id, leader_name, follower_name, competition_id) VALUES (82, 77, 167, 'Joseph Taylor', 'Susan Clark', 1);
INSERT INTO couples (bib, leader_id, follower_id, leader_name, follower_name, competition_id) VALUES (83, 78, 168, 'Thomas Moore', 'Jessica Ramirez', 1);
INSERT INTO couples (bib, leader_id, follower_id, leader_name, follower_name, competition_id) VALUES (84, 79, 169, 'Christopher Jackson', 'Sarah Lewis', 1);
INSERT INTO couples (bib, leader_id, follower_id, leader_name, follower_name, competition_id) VALUES (85, 80, 170, 'Daniel Martin', 'Karen Robinson', 1);
INSERT INTO couples (bib, leader_id, follower_id, leader_name, follower_name, competition_id) VALUES (86, 81, 171, 'Matthew Lee', 'Lisa Walker', 1);
INSERT INTO couples (bib, leader_id, follower_id, leader_name, follower_name, competition_id) VALUES (87, 82, 172, 'Anthony Perez', 'Nancy Young', 1);
INSERT INTO couples (bib, leader_id, follower_id, leader_name, follower_name, competition_id) VALUES (88, 83, 173, 'Mark Thompson', 'Betty Allen', 1);
INSERT INTO couples (bib, leader_id, follower_id, leader_name, follower_name, competition_id) VALUES (89, 84, 174, 'Steven White', 'Margaret King', 1);
INSERT INTO couples (bib, leader_id, follower_id, leader_name, follower_name, competition_id) VALUES (90, 85, 175, 'Paul Harris', 'Sandra Wright', 1);
INSERT INTO couples (bib, leader_id, follower_id, leader_name, follower_name, competition_id) VALUES (91, 86, 176, 'Andrew Sanchez', 'Ashley Scott', 1);
INSERT INTO couples (bib, leader_id, follower_id, leader_name, follower_name, competition_id) VALUES (92, 87, 177, 'Joshua Clark', 'Dorothy Torres', 1);
INSERT INTO couples (bib, leader_id, follower_id, leader_name, follower_name, competition_id) VALUES (93, 88, 178, 'Kenneth Ramirez', 'Kimberly Nguyen', 1);
INSERT INTO couples (bib, leader_id, follower_id, leader_name, follower_name, competition_id) VALUES (94, 89, 179, 'Kevin Lewis', 'Emily Hill', 1);
INSERT INTO couples (bib, leader_id, follower_id, leader_name, follower_name, competition_id) VALUES (95, 90, 180, 'Brian Robinson', 'Donna Flores', 1);
INSERT INTO couples (bib, leader_id, follower_id, leader_name, follower_name, competition_id) VALUES (96, 91, 181, 'George Walker', 'Michelle Green', 1);
INSERT INTO couples (bib, leader_id, follower_id, leader_name, follower_name, competition_id) VALUES (97, 92, 182, 'Timothy Young', 'Carol Adams', 1);
INSERT INTO couples (bib, leader_id, follower_id, leader_name, follower_name, competition_id) VALUES (98, 93, 183, 'Ronald Allen', 'Amanda Nelson', 1);
INSERT INTO couples (bib, leader_id, follower_id, leader_name, follower_name, competition_id) VALUES (99, 94, 184, 'Edward King', 'Melissa Baker', 1);
INSERT INTO couples (bib, leader_id, follower_id, leader_name, follower_name, competition_id) VALUES (100, 95, 185, 'Jason Wright', 'Deborah Hall', 1);
SELECT setval('couples_bib_seq', 100);

-- Judges
INSERT INTO judges (id, name, judge_number, competition_id) VALUES (1, 'Elena Volkov', 1, 1);
INSERT INTO judges (id, name, judge_number, competition_id) VALUES (2, 'Marcus Chen', 2, 1);
INSERT INTO judges (id, name, judge_number, competition_id) VALUES (3, 'Isabella Romano', 3, 1);
INSERT INTO judges (id, name, judge_number, competition_id) VALUES (4, 'Dmitri Petrov', 4, 1);
INSERT INTO judges (id, name, judge_number, competition_id) VALUES (5, 'Sophia Laurent', 5, 1);
INSERT INTO judges (id, name, judge_number, competition_id) VALUES (6, 'Hiroshi Tanaka', 6, 1);
INSERT INTO judges (id, name, judge_number, competition_id) VALUES (7, 'Victoria Blake', 7, 1);
INSERT INTO judges (id, name, judge_number, competition_id) VALUES (8, 'Rafael Mendez', 8, 1);
INSERT INTO judges (id, name, judge_number, competition_id) VALUES (9, 'Anastasia Kuznetsova', 9, 1);
INSERT INTO judges (id, name, judge_number, competition_id) VALUES (10, 'James Blackwood', 10, 1);
SELECT setval('judges_id_seq', 10);

-- Events
INSERT INTO events (id, name, designation, syllabus_type, level, style, dances, heats, competition_id, scoring_type, is_scholarship)
  VALUES (1, 'Pro-Am Syllabus Newcomer Smooth Tango', 'Pro-Am', 'Syllabus', 'Newcomer', 'Smooth', '["Tango"]', '[{"round":"final","bibs":[30,18,16,9],"judges":[1,2,3]}]', 1, 'standard', false);
INSERT INTO events (id, name, designation, syllabus_type, level, style, dances, heats, competition_id, scoring_type, is_scholarship)
  VALUES (2, 'Pro-Am Syllabus Newcomer Smooth Waltz', 'Pro-Am', 'Syllabus', 'Newcomer', 'Smooth', '["Waltz"]', '[{"round":"final","bibs":[46,10,34,36],"judges":[1,2,3]}]', 1, 'standard', false);
INSERT INTO events (id, name, designation, syllabus_type, level, style, dances, heats, competition_id, scoring_type, is_scholarship)
  VALUES (3, 'Pro-Am Syllabus Bronze Smooth Foxtrot', 'Pro-Am', 'Syllabus', 'Bronze', 'Smooth', '["Foxtrot"]', '[{"round":"semi-final","bibs":[9,39,49,29,2,12,40,23],"judges":[1,2,3]},{"round":"final","bibs":[],"judges":[1,2,3]}]', 1, 'standard', false);
INSERT INTO events (id, name, designation, syllabus_type, level, style, dances, heats, competition_id, scoring_type, is_scholarship)
  VALUES (4, 'Pro-Am Syllabus Bronze Smooth Viennese Waltz', 'Pro-Am', 'Syllabus', 'Bronze', 'Smooth', '["Viennese Waltz"]', '[{"round":"semi-final","bibs":[47,8,21,2,50,12,29,14],"judges":[1,2,3]},{"round":"final","bibs":[],"judges":[1,2,3]}]', 1, 'standard', false);
INSERT INTO events (id, name, designation, syllabus_type, level, style, dances, heats, competition_id, scoring_type, is_scholarship)
  VALUES (5, 'Pro-Am Syllabus Bronze Smooth Tango/Waltz/Viennese Waltz', 'Pro-Am', 'Syllabus', 'Bronze', 'Smooth', '["Tango","Waltz","Viennese Waltz"]', '[{"round":"semi-final","bibs":[8,22,25,5,44,41,4,10],"judges":[1,2,3]},{"round":"final","bibs":[],"judges":[1,2,3]}]', 1, 'standard', false);
INSERT INTO events (id, name, designation, syllabus_type, level, style, dances, heats, competition_id, scoring_type, is_scholarship)
  VALUES (6, 'Pro-Am Syllabus Silver Smooth Waltz', 'Pro-Am', 'Syllabus', 'Silver', 'Smooth', '["Waltz"]', '[{"round":"final","bibs":[18,48,1,10,28,39],"judges":[1,2,3,4,5]}]', 1, 'standard', false);
INSERT INTO events (id, name, designation, syllabus_type, level, style, dances, heats, competition_id, scoring_type, is_scholarship)
  VALUES (7, 'Pro-Am Syllabus Silver Smooth Foxtrot', 'Pro-Am', 'Syllabus', 'Silver', 'Smooth', '["Foxtrot"]', '[{"round":"final","bibs":[29,45,24,50,42,46],"judges":[1,2,3,4,5]}]', 1, 'standard', false);
INSERT INTO events (id, name, designation, syllabus_type, level, style, dances, heats, competition_id, scoring_type, is_scholarship)
  VALUES (8, 'Pro-Am Syllabus Silver Smooth Waltz/Viennese Waltz/Tango', 'Pro-Am', 'Syllabus', 'Silver', 'Smooth', '["Waltz","Viennese Waltz","Tango"]', '[{"round":"final","bibs":[11,15,38,48,37,1],"judges":[1,2,3,4,5]}]', 1, 'standard', false);
INSERT INTO events (id, name, designation, syllabus_type, level, style, dances, heats, competition_id, scoring_type, is_scholarship)
  VALUES (9, 'Pro-Am Syllabus Gold Smooth Tango', 'Pro-Am', 'Syllabus', 'Gold', 'Smooth', '["Tango"]', '[{"round":"final","bibs":[26,25,5,30,42],"judges":[1,2,3,4,5]}]', 1, 'standard', false);
INSERT INTO events (id, name, designation, syllabus_type, level, style, dances, heats, competition_id, scoring_type, is_scholarship)
  VALUES (10, 'Pro-Am Syllabus Gold Smooth Foxtrot', 'Pro-Am', 'Syllabus', 'Gold', 'Smooth', '["Foxtrot"]', '[{"round":"final","bibs":[39,47,35,29,10],"judges":[1,2,3,4,5]}]', 1, 'standard', false);
INSERT INTO events (id, name, designation, syllabus_type, level, style, dances, heats, competition_id, scoring_type, is_scholarship)
  VALUES (11, 'Pro-Am Syllabus Gold Smooth Tango/Viennese Waltz/Waltz', 'Pro-Am', 'Syllabus', 'Gold', 'Smooth', '["Tango","Viennese Waltz","Waltz"]', '[{"round":"final","bibs":[9,27,5,47,16],"judges":[1,2,3,4,5]}]', 1, 'standard', false);
INSERT INTO events (id, name, designation, syllabus_type, level, style, dances, heats, competition_id, scoring_type, is_scholarship)
  VALUES (12, 'Pro-Am Syllabus Novice Smooth Viennese Waltz', 'Pro-Am', 'Syllabus', 'Novice', 'Smooth', '["Viennese Waltz"]', '[{"round":"semi-final","bibs":[3,36,48,27,44,29,39,4,42,31],"judges":[1,2,3,4,5]},{"round":"final","bibs":[],"judges":[1,2,3,4,5]}]', 1, 'standard', false);
INSERT INTO events (id, name, designation, syllabus_type, level, style, dances, heats, competition_id, scoring_type, is_scholarship)
  VALUES (13, 'Pro-Am Syllabus Novice Smooth Tango', 'Pro-Am', 'Syllabus', 'Novice', 'Smooth', '["Tango"]', '[{"round":"semi-final","bibs":[32,34,3,43,6,13,45,25,15,40],"judges":[1,2,3,4,5]},{"round":"final","bibs":[],"judges":[1,2,3,4,5]}]', 1, 'standard', false);
INSERT INTO events (id, name, designation, syllabus_type, level, style, dances, heats, competition_id, scoring_type, is_scholarship)
  VALUES (14, 'Pro-Am Open Pre-Championship Smooth Viennese Waltz', 'Pro-Am', 'Open', 'Pre-Championship', 'Smooth', '["Viennese Waltz"]', '[{"round":"semi-final","bibs":[21,24,30,18,32,9,33,37,19,46,22,43],"judges":[1,2,3,4,5]},{"round":"final","bibs":[],"judges":[1,2,3,4,5]}]', 1, 'standard', false);
INSERT INTO events (id, name, designation, syllabus_type, level, style, dances, heats, competition_id, scoring_type, is_scholarship)
  VALUES (15, 'Pro-Am Open Pre-Championship Smooth Waltz', 'Pro-Am', 'Open', 'Pre-Championship', 'Smooth', '["Waltz"]', '[{"round":"semi-final","bibs":[36,40,30,45,37,11,44,7,26,15,43,38],"judges":[1,2,3,4,5]},{"round":"final","bibs":[],"judges":[1,2,3,4,5]}]', 1, 'standard', false);
INSERT INTO events (id, name, designation, syllabus_type, level, style, dances, heats, competition_id, scoring_type, is_scholarship)
  VALUES (16, 'Pro-Am Open Championship Smooth Waltz', 'Pro-Am', 'Open', 'Championship', 'Smooth', '["Waltz"]', '[{"round":"quarter-final","bibs":[24,30,3,4,1,44,15,28,21,48,49,6,23,9,29,17],"judges":[1,2,3,4,5,6,7]},{"round":"semi-final","bibs":[],"judges":[1,2,3,4,5,6,7]},{"round":"final","bibs":[],"judges":[1,2,3,4,5,6,7]}]', 1, 'standard', false);
INSERT INTO events (id, name, designation, syllabus_type, level, style, dances, heats, competition_id, scoring_type, is_scholarship)
  VALUES (17, 'Pro-Am Open Championship Smooth Tango', 'Pro-Am', 'Open', 'Championship', 'Smooth', '["Tango"]', '[{"round":"quarter-final","bibs":[45,20,22,10,48,19,9,40,46,13,44,43,18,24,42,6],"judges":[1,2,3,4,5,6,7]},{"round":"semi-final","bibs":[],"judges":[1,2,3,4,5,6,7]},{"round":"final","bibs":[],"judges":[1,2,3,4,5,6,7]}]', 1, 'standard', false);
INSERT INTO events (id, name, designation, syllabus_type, level, style, dances, heats, competition_id, scoring_type, is_scholarship)
  VALUES (18, 'Pro-Am Open Championship Smooth Foxtrot', 'Pro-Am', 'Open', 'Championship', 'Smooth', '["Foxtrot"]', '[{"round":"quarter-final","bibs":[36,32,38,18,41,19,39,37,7,25,50,43,16,17,4,15],"judges":[1,2,3,4,5,6,7]},{"round":"semi-final","bibs":[],"judges":[1,2,3,4,5,6,7]},{"round":"final","bibs":[],"judges":[1,2,3,4,5,6,7]}]', 1, 'standard', false);
INSERT INTO events (id, name, designation, syllabus_type, level, style, dances, heats, competition_id, scoring_type, is_scholarship)
  VALUES (19, 'Pro-Am Open Championship Smooth Viennese Waltz', 'Pro-Am', 'Open', 'Championship', 'Smooth', '["Viennese Waltz"]', '[{"round":"quarter-final","bibs":[5,35,7,15,43,10,3,37,20,50,18,32,23,46,28,2],"judges":[1,2,3,4,5,6,7]},{"round":"semi-final","bibs":[],"judges":[1,2,3,4,5,6,7]},{"round":"final","bibs":[],"judges":[1,2,3,4,5,6,7]}]', 1, 'standard', false);
INSERT INTO events (id, name, designation, syllabus_type, level, style, dances, heats, competition_id, scoring_type, is_scholarship)
  VALUES (20, 'Pro-Am Syllabus Gold Smooth Waltz/Tango/Foxtrot', 'Pro-Am', 'Syllabus', 'Gold', 'Smooth', '["Waltz","Tango","Foxtrot"]', '[{"round":"final","bibs":[10,45,24,18,17,41],"judges":[1,2,3,4,5]}]', 1, 'standard', true);
INSERT INTO events (id, name, designation, syllabus_type, level, style, dances, heats, competition_id, scoring_type, is_scholarship)
  VALUES (21, 'Pro-Am Open Championship Smooth Waltz/Tango/Foxtrot', 'Pro-Am', 'Open', 'Championship', 'Smooth', '["Waltz","Tango","Foxtrot"]', '[{"round":"quarter-final","bibs":[9,45,8,42,38,46,31,12,23,17,44,4,2,34,50,3],"judges":[1,2,3,4,5,6,7]},{"round":"semi-final","bibs":[],"judges":[1,2,3,4,5,6,7]},{"round":"final","bibs":[],"judges":[1,2,3,4,5,6,7]}]', 1, 'standard', true);
INSERT INTO events (id, name, designation, syllabus_type, level, style, dances, heats, competition_id, scoring_type, is_scholarship)
  VALUES (22, 'Pro-Am Syllabus Newcomer Rhythm Bolero', 'Pro-Am', 'Syllabus', 'Newcomer', 'Rhythm', '["Bolero"]', '[{"round":"final","bibs":[36,24,27,5],"judges":[1,2,3]}]', 1, 'standard', false);
INSERT INTO events (id, name, designation, syllabus_type, level, style, dances, heats, competition_id, scoring_type, is_scholarship)
  VALUES (23, 'Pro-Am Syllabus Newcomer Rhythm Cha Cha', 'Pro-Am', 'Syllabus', 'Newcomer', 'Rhythm', '["Cha Cha"]', '[{"round":"final","bibs":[12,38,48,31],"judges":[1,2,3]}]', 1, 'standard', false);
INSERT INTO events (id, name, designation, syllabus_type, level, style, dances, heats, competition_id, scoring_type, is_scholarship)
  VALUES (24, 'Pro-Am Syllabus Bronze Rhythm Cha Cha', 'Pro-Am', 'Syllabus', 'Bronze', 'Rhythm', '["Cha Cha"]', '[{"round":"semi-final","bibs":[36,22,46,30,11,17,44,5],"judges":[1,2,3]},{"round":"final","bibs":[],"judges":[1,2,3]}]', 1, 'standard', false);
INSERT INTO events (id, name, designation, syllabus_type, level, style, dances, heats, competition_id, scoring_type, is_scholarship)
  VALUES (25, 'Pro-Am Syllabus Bronze Rhythm Rumba', 'Pro-Am', 'Syllabus', 'Bronze', 'Rhythm', '["Rumba"]', '[{"round":"semi-final","bibs":[22,11,48,28,33,14,13,23],"judges":[1,2,3]},{"round":"final","bibs":[],"judges":[1,2,3]}]', 1, 'standard', false);
INSERT INTO events (id, name, designation, syllabus_type, level, style, dances, heats, competition_id, scoring_type, is_scholarship)
  VALUES (26, 'Pro-Am Syllabus Bronze Rhythm Bolero/Cha Cha/Mambo', 'Pro-Am', 'Syllabus', 'Bronze', 'Rhythm', '["Bolero","Cha Cha","Mambo"]', '[{"round":"semi-final","bibs":[36,39,33,17,12,40,29,28],"judges":[1,2,3]},{"round":"final","bibs":[],"judges":[1,2,3]}]', 1, 'standard', false);
INSERT INTO events (id, name, designation, syllabus_type, level, style, dances, heats, competition_id, scoring_type, is_scholarship)
  VALUES (27, 'Pro-Am Syllabus Silver Rhythm Rumba', 'Pro-Am', 'Syllabus', 'Silver', 'Rhythm', '["Rumba"]', '[{"round":"final","bibs":[20,8,9,19,42,38],"judges":[1,2,3,4,5]}]', 1, 'standard', false);
INSERT INTO events (id, name, designation, syllabus_type, level, style, dances, heats, competition_id, scoring_type, is_scholarship)
  VALUES (28, 'Pro-Am Syllabus Silver Rhythm Cha Cha', 'Pro-Am', 'Syllabus', 'Silver', 'Rhythm', '["Cha Cha"]', '[{"round":"final","bibs":[18,20,45,47,35,39],"judges":[1,2,3,4,5]}]', 1, 'standard', false);
INSERT INTO events (id, name, designation, syllabus_type, level, style, dances, heats, competition_id, scoring_type, is_scholarship)
  VALUES (29, 'Pro-Am Syllabus Silver Rhythm Cha Cha/Bolero/Rumba', 'Pro-Am', 'Syllabus', 'Silver', 'Rhythm', '["Cha Cha","Bolero","Rumba"]', '[{"round":"final","bibs":[19,4,20,48,32,16],"judges":[1,2,3,4,5]}]', 1, 'standard', false);
INSERT INTO events (id, name, designation, syllabus_type, level, style, dances, heats, competition_id, scoring_type, is_scholarship)
  VALUES (30, 'Pro-Am Syllabus Gold Rhythm Rumba', 'Pro-Am', 'Syllabus', 'Gold', 'Rhythm', '["Rumba"]', '[{"round":"final","bibs":[27,42,14,10,29],"judges":[1,2,3,4,5]}]', 1, 'standard', false);
INSERT INTO events (id, name, designation, syllabus_type, level, style, dances, heats, competition_id, scoring_type, is_scholarship)
  VALUES (31, 'Pro-Am Syllabus Gold Rhythm Mambo', 'Pro-Am', 'Syllabus', 'Gold', 'Rhythm', '["Mambo"]', '[{"round":"final","bibs":[39,43,29,5,8],"judges":[1,2,3,4,5]}]', 1, 'standard', false);
INSERT INTO events (id, name, designation, syllabus_type, level, style, dances, heats, competition_id, scoring_type, is_scholarship)
  VALUES (32, 'Pro-Am Syllabus Gold Rhythm Bolero/Rumba/East Coast Swing', 'Pro-Am', 'Syllabus', 'Gold', 'Rhythm', '["Bolero","Rumba","East Coast Swing"]', '[{"round":"final","bibs":[34,16,28,6,8],"judges":[1,2,3,4,5]}]', 1, 'standard', false);
INSERT INTO events (id, name, designation, syllabus_type, level, style, dances, heats, competition_id, scoring_type, is_scholarship)
  VALUES (33, 'Pro-Am Syllabus Novice Rhythm Bolero', 'Pro-Am', 'Syllabus', 'Novice', 'Rhythm', '["Bolero"]', '[{"round":"semi-final","bibs":[34,32,42,20,19,40,49,25,22,41],"judges":[1,2,3,4,5]},{"round":"final","bibs":[],"judges":[1,2,3,4,5]}]', 1, 'standard', false);
INSERT INTO events (id, name, designation, syllabus_type, level, style, dances, heats, competition_id, scoring_type, is_scholarship)
  VALUES (34, 'Pro-Am Syllabus Novice Rhythm East Coast Swing', 'Pro-Am', 'Syllabus', 'Novice', 'Rhythm', '["East Coast Swing"]', '[{"round":"semi-final","bibs":[24,31,1,41,15,48,10,37,47,6],"judges":[1,2,3,4,5]},{"round":"final","bibs":[],"judges":[1,2,3,4,5]}]', 1, 'standard', false);
INSERT INTO events (id, name, designation, syllabus_type, level, style, dances, heats, competition_id, scoring_type, is_scholarship)
  VALUES (35, 'Pro-Am Open Pre-Championship Rhythm Cha Cha', 'Pro-Am', 'Open', 'Pre-Championship', 'Rhythm', '["Cha Cha"]', '[{"round":"semi-final","bibs":[17,2,46,15,36,7,10,24,18,39,31,19],"judges":[1,2,3,4,5]},{"round":"final","bibs":[],"judges":[1,2,3,4,5]}]', 1, 'standard', false);
INSERT INTO events (id, name, designation, syllabus_type, level, style, dances, heats, competition_id, scoring_type, is_scholarship)
  VALUES (36, 'Pro-Am Open Pre-Championship Rhythm East Coast Swing', 'Pro-Am', 'Open', 'Pre-Championship', 'Rhythm', '["East Coast Swing"]', '[{"round":"semi-final","bibs":[46,20,43,15,49,9,24,17,8,4,33,7],"judges":[1,2,3,4,5]},{"round":"final","bibs":[],"judges":[1,2,3,4,5]}]', 1, 'standard', false);
INSERT INTO events (id, name, designation, syllabus_type, level, style, dances, heats, competition_id, scoring_type, is_scholarship)
  VALUES (37, 'Pro-Am Open Championship Rhythm Cha Cha', 'Pro-Am', 'Open', 'Championship', 'Rhythm', '["Cha Cha"]', '[{"round":"quarter-final","bibs":[35,41,4,38,6,37,19,24,42,22,27,32,31,47,36,20],"judges":[1,2,3,4,5,6,7]},{"round":"semi-final","bibs":[],"judges":[1,2,3,4,5,6,7]},{"round":"final","bibs":[],"judges":[1,2,3,4,5,6,7]}]', 1, 'standard', false);
INSERT INTO events (id, name, designation, syllabus_type, level, style, dances, heats, competition_id, scoring_type, is_scholarship)
  VALUES (38, 'Pro-Am Open Championship Rhythm Rumba', 'Pro-Am', 'Open', 'Championship', 'Rhythm', '["Rumba"]', '[{"round":"quarter-final","bibs":[11,46,35,2,48,31,15,6,30,49,8,38,33,34,43,4],"judges":[1,2,3,4,5,6,7]},{"round":"semi-final","bibs":[],"judges":[1,2,3,4,5,6,7]},{"round":"final","bibs":[],"judges":[1,2,3,4,5,6,7]}]', 1, 'standard', false);
INSERT INTO events (id, name, designation, syllabus_type, level, style, dances, heats, competition_id, scoring_type, is_scholarship)
  VALUES (39, 'Pro-Am Open Championship Rhythm East Coast Swing', 'Pro-Am', 'Open', 'Championship', 'Rhythm', '["East Coast Swing"]', '[{"round":"quarter-final","bibs":[16,48,1,18,14,5,49,39,12,8,22,21,11,7,36,40],"judges":[1,2,3,4,5,6,7]},{"round":"semi-final","bibs":[],"judges":[1,2,3,4,5,6,7]},{"round":"final","bibs":[],"judges":[1,2,3,4,5,6,7]}]', 1, 'standard', false);
INSERT INTO events (id, name, designation, syllabus_type, level, style, dances, heats, competition_id, scoring_type, is_scholarship)
  VALUES (40, 'Pro-Am Open Championship Rhythm Bolero', 'Pro-Am', 'Open', 'Championship', 'Rhythm', '["Bolero"]', '[{"round":"quarter-final","bibs":[18,17,34,10,25,9,13,5,45,1,32,22,30,47,3,27],"judges":[1,2,3,4,5,6,7]},{"round":"semi-final","bibs":[],"judges":[1,2,3,4,5,6,7]},{"round":"final","bibs":[],"judges":[1,2,3,4,5,6,7]}]', 1, 'standard', false);
INSERT INTO events (id, name, designation, syllabus_type, level, style, dances, heats, competition_id, scoring_type, is_scholarship)
  VALUES (41, 'Pro-Am Open Championship Rhythm Mambo', 'Pro-Am', 'Open', 'Championship', 'Rhythm', '["Mambo"]', '[{"round":"quarter-final","bibs":[20,28,45,10,37,1,12,11,15,48,30,42,17,34,21,25],"judges":[1,2,3,4,5,6,7]},{"round":"semi-final","bibs":[],"judges":[1,2,3,4,5,6,7]},{"round":"final","bibs":[],"judges":[1,2,3,4,5,6,7]}]', 1, 'standard', false);
INSERT INTO events (id, name, designation, syllabus_type, level, style, dances, heats, competition_id, scoring_type, is_scholarship)
  VALUES (42, 'Pro-Am Syllabus Gold Rhythm Cha Cha/Rumba/East Coast Swing', 'Pro-Am', 'Syllabus', 'Gold', 'Rhythm', '["Cha Cha","Rumba","East Coast Swing"]', '[{"round":"final","bibs":[12,10,25,49,24,30],"judges":[1,2,3,4,5]}]', 1, 'standard', true);
INSERT INTO events (id, name, designation, syllabus_type, level, style, dances, heats, competition_id, scoring_type, is_scholarship)
  VALUES (43, 'Pro-Am Open Championship Rhythm Cha Cha/Rumba/East Coast Swing', 'Pro-Am', 'Open', 'Championship', 'Rhythm', '["Cha Cha","Rumba","East Coast Swing"]', '[{"round":"quarter-final","bibs":[29,39,31,19,16,33,13,15,8,22,5,47,17,26,30,6],"judges":[1,2,3,4,5,6,7]},{"round":"semi-final","bibs":[],"judges":[1,2,3,4,5,6,7]},{"round":"final","bibs":[],"judges":[1,2,3,4,5,6,7]}]', 1, 'standard', true);
INSERT INTO events (id, name, designation, syllabus_type, level, style, dances, heats, competition_id, scoring_type, is_scholarship)
  VALUES (44, 'Pro-Am Syllabus Newcomer Standard Foxtrot', 'Pro-Am', 'Syllabus', 'Newcomer', 'Standard', '["Foxtrot"]', '[{"round":"final","bibs":[8,46,42,40],"judges":[1,2,3]}]', 1, 'standard', false);
INSERT INTO events (id, name, designation, syllabus_type, level, style, dances, heats, competition_id, scoring_type, is_scholarship)
  VALUES (45, 'Pro-Am Syllabus Newcomer Standard Quickstep', 'Pro-Am', 'Syllabus', 'Newcomer', 'Standard', '["Quickstep"]', '[{"round":"final","bibs":[8,17,39,24],"judges":[1,2,3]}]', 1, 'standard', false);
INSERT INTO events (id, name, designation, syllabus_type, level, style, dances, heats, competition_id, scoring_type, is_scholarship)
  VALUES (46, 'Pro-Am Syllabus Bronze Standard Quickstep', 'Pro-Am', 'Syllabus', 'Bronze', 'Standard', '["Quickstep"]', '[{"round":"semi-final","bibs":[32,27,11,22,15,24,42,26],"judges":[1,2,3]},{"round":"final","bibs":[],"judges":[1,2,3]}]', 1, 'standard', false);
INSERT INTO events (id, name, designation, syllabus_type, level, style, dances, heats, competition_id, scoring_type, is_scholarship)
  VALUES (47, 'Pro-Am Syllabus Bronze Standard Waltz', 'Pro-Am', 'Syllabus', 'Bronze', 'Standard', '["Waltz"]', '[{"round":"semi-final","bibs":[29,21,25,34,17,24,8,46],"judges":[1,2,3]},{"round":"final","bibs":[],"judges":[1,2,3]}]', 1, 'standard', false);
INSERT INTO events (id, name, designation, syllabus_type, level, style, dances, heats, competition_id, scoring_type, is_scholarship)
  VALUES (48, 'Pro-Am Syllabus Bronze Standard Viennese Waltz/Foxtrot/Quickstep', 'Pro-Am', 'Syllabus', 'Bronze', 'Standard', '["Viennese Waltz","Foxtrot","Quickstep"]', '[{"round":"semi-final","bibs":[28,10,12,13,24,11,22,41],"judges":[1,2,3]},{"round":"final","bibs":[],"judges":[1,2,3]}]', 1, 'standard', false);
INSERT INTO events (id, name, designation, syllabus_type, level, style, dances, heats, competition_id, scoring_type, is_scholarship)
  VALUES (49, 'Pro-Am Syllabus Silver Standard Waltz', 'Pro-Am', 'Syllabus', 'Silver', 'Standard', '["Waltz"]', '[{"round":"final","bibs":[7,41,25,32,2,49],"judges":[1,2,3,4,5]}]', 1, 'standard', false);
INSERT INTO events (id, name, designation, syllabus_type, level, style, dances, heats, competition_id, scoring_type, is_scholarship)
  VALUES (50, 'Pro-Am Syllabus Silver Standard Viennese Waltz', 'Pro-Am', 'Syllabus', 'Silver', 'Standard', '["Viennese Waltz"]', '[{"round":"final","bibs":[20,42,15,27,1,31],"judges":[1,2,3,4,5]}]', 1, 'standard', false);
INSERT INTO events (id, name, designation, syllabus_type, level, style, dances, heats, competition_id, scoring_type, is_scholarship)
  VALUES (51, 'Pro-Am Syllabus Silver Standard Waltz/Quickstep/Tango', 'Pro-Am', 'Syllabus', 'Silver', 'Standard', '["Waltz","Quickstep","Tango"]', '[{"round":"final","bibs":[15,46,13,37,34,22],"judges":[1,2,3,4,5]}]', 1, 'standard', false);
INSERT INTO events (id, name, designation, syllabus_type, level, style, dances, heats, competition_id, scoring_type, is_scholarship)
  VALUES (52, 'Pro-Am Syllabus Gold Standard Foxtrot', 'Pro-Am', 'Syllabus', 'Gold', 'Standard', '["Foxtrot"]', '[{"round":"final","bibs":[17,18,35,40,43],"judges":[1,2,3,4,5]}]', 1, 'standard', false);
INSERT INTO events (id, name, designation, syllabus_type, level, style, dances, heats, competition_id, scoring_type, is_scholarship)
  VALUES (53, 'Pro-Am Syllabus Gold Standard Waltz', 'Pro-Am', 'Syllabus', 'Gold', 'Standard', '["Waltz"]', '[{"round":"final","bibs":[28,40,49,10,7],"judges":[1,2,3,4,5]}]', 1, 'standard', false);
INSERT INTO events (id, name, designation, syllabus_type, level, style, dances, heats, competition_id, scoring_type, is_scholarship)
  VALUES (54, 'Pro-Am Syllabus Gold Standard Foxtrot/Quickstep/Waltz', 'Pro-Am', 'Syllabus', 'Gold', 'Standard', '["Foxtrot","Quickstep","Waltz"]', '[{"round":"final","bibs":[41,16,29,15,2],"judges":[1,2,3,4,5]}]', 1, 'standard', false);
INSERT INTO events (id, name, designation, syllabus_type, level, style, dances, heats, competition_id, scoring_type, is_scholarship)
  VALUES (55, 'Pro-Am Syllabus Novice Standard Waltz', 'Pro-Am', 'Syllabus', 'Novice', 'Standard', '["Waltz"]', '[{"round":"semi-final","bibs":[35,37,45,5,20,9,33,22,21,2],"judges":[1,2,3,4,5]},{"round":"final","bibs":[],"judges":[1,2,3,4,5]}]', 1, 'standard', false);
INSERT INTO events (id, name, designation, syllabus_type, level, style, dances, heats, competition_id, scoring_type, is_scholarship)
  VALUES (56, 'Pro-Am Syllabus Novice Standard Foxtrot', 'Pro-Am', 'Syllabus', 'Novice', 'Standard', '["Foxtrot"]', '[{"round":"semi-final","bibs":[42,1,6,38,41,20,23,48,45,35],"judges":[1,2,3,4,5]},{"round":"final","bibs":[],"judges":[1,2,3,4,5]}]', 1, 'standard', false);
INSERT INTO events (id, name, designation, syllabus_type, level, style, dances, heats, competition_id, scoring_type, is_scholarship)
  VALUES (57, 'Pro-Am Open Pre-Championship Standard Foxtrot', 'Pro-Am', 'Open', 'Pre-Championship', 'Standard', '["Foxtrot"]', '[{"round":"semi-final","bibs":[43,48,24,7,29,41,20,28,36,19,2,39],"judges":[1,2,3,4,5]},{"round":"final","bibs":[],"judges":[1,2,3,4,5]}]', 1, 'standard', false);
INSERT INTO events (id, name, designation, syllabus_type, level, style, dances, heats, competition_id, scoring_type, is_scholarship)
  VALUES (58, 'Pro-Am Open Pre-Championship Standard Waltz', 'Pro-Am', 'Open', 'Pre-Championship', 'Standard', '["Waltz"]', '[{"round":"semi-final","bibs":[34,18,25,23,36,33,40,47,14,16,26,27],"judges":[1,2,3,4,5]},{"round":"final","bibs":[],"judges":[1,2,3,4,5]}]', 1, 'standard', false);
INSERT INTO events (id, name, designation, syllabus_type, level, style, dances, heats, competition_id, scoring_type, is_scholarship)
  VALUES (59, 'Pro-Am Open Championship Standard Waltz', 'Pro-Am', 'Open', 'Championship', 'Standard', '["Waltz"]', '[{"round":"quarter-final","bibs":[24,3,20,27,36,42,44,4,46,31,39,28,41,22,49,8],"judges":[1,2,3,4,5,6,7]},{"round":"semi-final","bibs":[],"judges":[1,2,3,4,5,6,7]},{"round":"final","bibs":[],"judges":[1,2,3,4,5,6,7]}]', 1, 'standard', false);
INSERT INTO events (id, name, designation, syllabus_type, level, style, dances, heats, competition_id, scoring_type, is_scholarship)
  VALUES (60, 'Pro-Am Open Championship Standard Tango', 'Pro-Am', 'Open', 'Championship', 'Standard', '["Tango"]', '[{"round":"quarter-final","bibs":[31,21,45,3,28,41,34,2,12,42,20,37,29,25,19,11],"judges":[1,2,3,4,5,6,7]},{"round":"semi-final","bibs":[],"judges":[1,2,3,4,5,6,7]},{"round":"final","bibs":[],"judges":[1,2,3,4,5,6,7]}]', 1, 'standard', false);
INSERT INTO events (id, name, designation, syllabus_type, level, style, dances, heats, competition_id, scoring_type, is_scholarship)
  VALUES (61, 'Pro-Am Open Championship Standard Viennese Waltz', 'Pro-Am', 'Open', 'Championship', 'Standard', '["Viennese Waltz"]', '[{"round":"quarter-final","bibs":[5,50,13,12,14,10,30,38,43,20,41,17,3,8,27,1],"judges":[1,2,3,4,5,6,7]},{"round":"semi-final","bibs":[],"judges":[1,2,3,4,5,6,7]},{"round":"final","bibs":[],"judges":[1,2,3,4,5,6,7]}]', 1, 'standard', false);
INSERT INTO events (id, name, designation, syllabus_type, level, style, dances, heats, competition_id, scoring_type, is_scholarship)
  VALUES (62, 'Pro-Am Open Championship Standard Foxtrot', 'Pro-Am', 'Open', 'Championship', 'Standard', '["Foxtrot"]', '[{"round":"quarter-final","bibs":[34,24,41,12,25,21,29,47,38,27,16,36,6,26,8,48],"judges":[1,2,3,4,5,6,7]},{"round":"semi-final","bibs":[],"judges":[1,2,3,4,5,6,7]},{"round":"final","bibs":[],"judges":[1,2,3,4,5,6,7]}]', 1, 'standard', false);
INSERT INTO events (id, name, designation, syllabus_type, level, style, dances, heats, competition_id, scoring_type, is_scholarship)
  VALUES (63, 'Pro-Am Open Championship Standard Quickstep', 'Pro-Am', 'Open', 'Championship', 'Standard', '["Quickstep"]', '[{"round":"quarter-final","bibs":[36,16,4,5,20,30,39,24,21,44,46,43,50,35,10,47],"judges":[1,2,3,4,5,6,7]},{"round":"semi-final","bibs":[],"judges":[1,2,3,4,5,6,7]},{"round":"final","bibs":[],"judges":[1,2,3,4,5,6,7]}]', 1, 'standard', false);
INSERT INTO events (id, name, designation, syllabus_type, level, style, dances, heats, competition_id, scoring_type, is_scholarship)
  VALUES (64, 'Pro-Am Syllabus Gold Standard Waltz/Tango/Viennese Waltz', 'Pro-Am', 'Syllabus', 'Gold', 'Standard', '["Waltz","Tango","Viennese Waltz"]', '[{"round":"final","bibs":[22,10,44,20,48,14],"judges":[1,2,3,4,5]}]', 1, 'standard', true);
INSERT INTO events (id, name, designation, syllabus_type, level, style, dances, heats, competition_id, scoring_type, is_scholarship)
  VALUES (65, 'Pro-Am Open Championship Standard Waltz/Tango/Viennese Waltz', 'Pro-Am', 'Open', 'Championship', 'Standard', '["Waltz","Tango","Viennese Waltz"]', '[{"round":"quarter-final","bibs":[21,22,27,46,33,34,3,36,10,26,15,35,30,49,4,5],"judges":[1,2,3,4,5,6,7]},{"round":"semi-final","bibs":[],"judges":[1,2,3,4,5,6,7]},{"round":"final","bibs":[],"judges":[1,2,3,4,5,6,7]}]', 1, 'standard', true);
INSERT INTO events (id, name, designation, syllabus_type, level, style, dances, heats, competition_id, scoring_type, is_scholarship)
  VALUES (66, 'Pro-Am Syllabus Newcomer Latin Cha Cha', 'Pro-Am', 'Syllabus', 'Newcomer', 'Latin', '["Cha Cha"]', '[{"round":"final","bibs":[26,42,24,11],"judges":[1,2,3]}]', 1, 'standard', false);
INSERT INTO events (id, name, designation, syllabus_type, level, style, dances, heats, competition_id, scoring_type, is_scholarship)
  VALUES (67, 'Pro-Am Syllabus Newcomer Latin Jive', 'Pro-Am', 'Syllabus', 'Newcomer', 'Latin', '["Jive"]', '[{"round":"final","bibs":[45,15,32,18],"judges":[1,2,3]}]', 1, 'standard', false);
INSERT INTO events (id, name, designation, syllabus_type, level, style, dances, heats, competition_id, scoring_type, is_scholarship)
  VALUES (68, 'Pro-Am Syllabus Bronze Latin Cha Cha', 'Pro-Am', 'Syllabus', 'Bronze', 'Latin', '["Cha Cha"]', '[{"round":"semi-final","bibs":[1,18,14,13,36,39,38,30],"judges":[1,2,3]},{"round":"final","bibs":[],"judges":[1,2,3]}]', 1, 'standard', false);
INSERT INTO events (id, name, designation, syllabus_type, level, style, dances, heats, competition_id, scoring_type, is_scholarship)
  VALUES (69, 'Pro-Am Syllabus Bronze Latin Paso Doble', 'Pro-Am', 'Syllabus', 'Bronze', 'Latin', '["Paso Doble"]', '[{"round":"semi-final","bibs":[39,38,10,20,11,7,40,16],"judges":[1,2,3]},{"round":"final","bibs":[],"judges":[1,2,3]}]', 1, 'standard', false);
INSERT INTO events (id, name, designation, syllabus_type, level, style, dances, heats, competition_id, scoring_type, is_scholarship)
  VALUES (70, 'Pro-Am Syllabus Bronze Latin Samba/Cha Cha/Rumba', 'Pro-Am', 'Syllabus', 'Bronze', 'Latin', '["Samba","Cha Cha","Rumba"]', '[{"round":"semi-final","bibs":[38,39,34,28,14,36,3,47],"judges":[1,2,3]},{"round":"final","bibs":[],"judges":[1,2,3]}]', 1, 'standard', false);
INSERT INTO events (id, name, designation, syllabus_type, level, style, dances, heats, competition_id, scoring_type, is_scholarship)
  VALUES (71, 'Pro-Am Syllabus Silver Latin Samba', 'Pro-Am', 'Syllabus', 'Silver', 'Latin', '["Samba"]', '[{"round":"final","bibs":[8,24,25,47,27,35],"judges":[1,2,3,4,5]}]', 1, 'standard', false);
INSERT INTO events (id, name, designation, syllabus_type, level, style, dances, heats, competition_id, scoring_type, is_scholarship)
  VALUES (72, 'Pro-Am Syllabus Silver Latin Paso Doble', 'Pro-Am', 'Syllabus', 'Silver', 'Latin', '["Paso Doble"]', '[{"round":"final","bibs":[42,28,2,6,3,5],"judges":[1,2,3,4,5]}]', 1, 'standard', false);
INSERT INTO events (id, name, designation, syllabus_type, level, style, dances, heats, competition_id, scoring_type, is_scholarship)
  VALUES (73, 'Pro-Am Syllabus Silver Latin Paso Doble/Samba/Jive', 'Pro-Am', 'Syllabus', 'Silver', 'Latin', '["Paso Doble","Samba","Jive"]', '[{"round":"final","bibs":[49,5,44,9,23,1],"judges":[1,2,3,4,5]}]', 1, 'standard', false);
INSERT INTO events (id, name, designation, syllabus_type, level, style, dances, heats, competition_id, scoring_type, is_scholarship)
  VALUES (74, 'Pro-Am Syllabus Gold Latin Jive', 'Pro-Am', 'Syllabus', 'Gold', 'Latin', '["Jive"]', '[{"round":"final","bibs":[17,32,48,43,3],"judges":[1,2,3,4,5]}]', 1, 'standard', false);
INSERT INTO events (id, name, designation, syllabus_type, level, style, dances, heats, competition_id, scoring_type, is_scholarship)
  VALUES (75, 'Pro-Am Syllabus Gold Latin Cha Cha', 'Pro-Am', 'Syllabus', 'Gold', 'Latin', '["Cha Cha"]', '[{"round":"final","bibs":[21,23,9,24,1],"judges":[1,2,3,4,5]}]', 1, 'standard', false);
INSERT INTO events (id, name, designation, syllabus_type, level, style, dances, heats, competition_id, scoring_type, is_scholarship)
  VALUES (76, 'Pro-Am Syllabus Gold Latin Jive/Samba/Paso Doble', 'Pro-Am', 'Syllabus', 'Gold', 'Latin', '["Jive","Samba","Paso Doble"]', '[{"round":"final","bibs":[4,45,8,14,37],"judges":[1,2,3,4,5]}]', 1, 'standard', false);
INSERT INTO events (id, name, designation, syllabus_type, level, style, dances, heats, competition_id, scoring_type, is_scholarship)
  VALUES (77, 'Pro-Am Syllabus Novice Latin Rumba', 'Pro-Am', 'Syllabus', 'Novice', 'Latin', '["Rumba"]', '[{"round":"semi-final","bibs":[25,27,48,38,3,43,26,23,15,33],"judges":[1,2,3,4,5]},{"round":"final","bibs":[],"judges":[1,2,3,4,5]}]', 1, 'standard', false);
INSERT INTO events (id, name, designation, syllabus_type, level, style, dances, heats, competition_id, scoring_type, is_scholarship)
  VALUES (78, 'Pro-Am Syllabus Novice Latin Jive', 'Pro-Am', 'Syllabus', 'Novice', 'Latin', '["Jive"]', '[{"round":"semi-final","bibs":[10,41,24,50,1,42,21,33,13,36],"judges":[1,2,3,4,5]},{"round":"final","bibs":[],"judges":[1,2,3,4,5]}]', 1, 'standard', false);
INSERT INTO events (id, name, designation, syllabus_type, level, style, dances, heats, competition_id, scoring_type, is_scholarship)
  VALUES (79, 'Pro-Am Open Pre-Championship Latin Cha Cha', 'Pro-Am', 'Open', 'Pre-Championship', 'Latin', '["Cha Cha"]', '[{"round":"semi-final","bibs":[15,31,22,47,8,44,7,2,4,28,30,40],"judges":[1,2,3,4,5]},{"round":"final","bibs":[],"judges":[1,2,3,4,5]}]', 1, 'standard', false);
INSERT INTO events (id, name, designation, syllabus_type, level, style, dances, heats, competition_id, scoring_type, is_scholarship)
  VALUES (80, 'Pro-Am Open Pre-Championship Latin Rumba', 'Pro-Am', 'Open', 'Pre-Championship', 'Latin', '["Rumba"]', '[{"round":"semi-final","bibs":[19,2,7,28,25,32,10,34,39,6,12,11],"judges":[1,2,3,4,5]},{"round":"final","bibs":[],"judges":[1,2,3,4,5]}]', 1, 'standard', false);
INSERT INTO events (id, name, designation, syllabus_type, level, style, dances, heats, competition_id, scoring_type, is_scholarship)
  VALUES (81, 'Pro-Am Open Championship Latin Cha Cha', 'Pro-Am', 'Open', 'Championship', 'Latin', '["Cha Cha"]', '[{"round":"quarter-final","bibs":[18,43,12,31,42,38,32,41,45,26,44,7,27,23,29,1],"judges":[1,2,3,4,5,6,7]},{"round":"semi-final","bibs":[],"judges":[1,2,3,4,5,6,7]},{"round":"final","bibs":[],"judges":[1,2,3,4,5,6,7]}]', 1, 'standard', false);
INSERT INTO events (id, name, designation, syllabus_type, level, style, dances, heats, competition_id, scoring_type, is_scholarship)
  VALUES (82, 'Pro-Am Open Championship Latin Samba', 'Pro-Am', 'Open', 'Championship', 'Latin', '["Samba"]', '[{"round":"quarter-final","bibs":[43,15,37,40,20,18,8,23,5,14,33,38,9,30,42,2],"judges":[1,2,3,4,5,6,7]},{"round":"semi-final","bibs":[],"judges":[1,2,3,4,5,6,7]},{"round":"final","bibs":[],"judges":[1,2,3,4,5,6,7]}]', 1, 'standard', false);
INSERT INTO events (id, name, designation, syllabus_type, level, style, dances, heats, competition_id, scoring_type, is_scholarship)
  VALUES (83, 'Pro-Am Open Championship Latin Rumba', 'Pro-Am', 'Open', 'Championship', 'Latin', '["Rumba"]', '[{"round":"quarter-final","bibs":[4,19,35,23,5,7,43,42,25,44,20,18,34,28,24,32],"judges":[1,2,3,4,5,6,7]},{"round":"semi-final","bibs":[],"judges":[1,2,3,4,5,6,7]},{"round":"final","bibs":[],"judges":[1,2,3,4,5,6,7]}]', 1, 'standard', false);
INSERT INTO events (id, name, designation, syllabus_type, level, style, dances, heats, competition_id, scoring_type, is_scholarship)
  VALUES (84, 'Pro-Am Open Championship Latin Paso Doble', 'Pro-Am', 'Open', 'Championship', 'Latin', '["Paso Doble"]', '[{"round":"quarter-final","bibs":[46,26,39,22,29,49,31,30,38,36,3,8,17,15,25,45],"judges":[1,2,3,4,5,6,7]},{"round":"semi-final","bibs":[],"judges":[1,2,3,4,5,6,7]},{"round":"final","bibs":[],"judges":[1,2,3,4,5,6,7]}]', 1, 'standard', false);
INSERT INTO events (id, name, designation, syllabus_type, level, style, dances, heats, competition_id, scoring_type, is_scholarship)
  VALUES (85, 'Pro-Am Open Championship Latin Jive', 'Pro-Am', 'Open', 'Championship', 'Latin', '["Jive"]', '[{"round":"quarter-final","bibs":[12,19,8,46,35,24,37,2,36,20,39,3,14,21,18,47],"judges":[1,2,3,4,5,6,7]},{"round":"semi-final","bibs":[],"judges":[1,2,3,4,5,6,7]},{"round":"final","bibs":[],"judges":[1,2,3,4,5,6,7]}]', 1, 'standard', false);
INSERT INTO events (id, name, designation, syllabus_type, level, style, dances, heats, competition_id, scoring_type, is_scholarship)
  VALUES (86, 'Pro-Am Syllabus Gold Latin Cha Cha/Samba/Rumba', 'Pro-Am', 'Syllabus', 'Gold', 'Latin', '["Cha Cha","Samba","Rumba"]', '[{"round":"final","bibs":[35,47,13,29,2,49],"judges":[1,2,3,4,5]}]', 1, 'standard', true);
INSERT INTO events (id, name, designation, syllabus_type, level, style, dances, heats, competition_id, scoring_type, is_scholarship)
  VALUES (87, 'Pro-Am Open Championship Latin Cha Cha/Samba/Rumba', 'Pro-Am', 'Open', 'Championship', 'Latin', '["Cha Cha","Samba","Rumba"]', '[{"round":"quarter-final","bibs":[7,23,45,9,15,25,39,4,27,40,14,38,22,36,21,49],"judges":[1,2,3,4,5,6,7]},{"round":"semi-final","bibs":[],"judges":[1,2,3,4,5,6,7]},{"round":"final","bibs":[],"judges":[1,2,3,4,5,6,7]}]', 1, 'standard', true);
INSERT INTO events (id, name, designation, syllabus_type, level, style, dances, heats, competition_id, scoring_type, is_scholarship)
  VALUES (88, 'Amateur Syllabus Newcomer Smooth Waltz', 'Amateur', 'Syllabus', 'Newcomer', 'Smooth', '["Waltz"]', '[{"round":"final","bibs":[88,97,85,54,98,53],"judges":[1,2,3]}]', 1, 'standard', false);
INSERT INTO events (id, name, designation, syllabus_type, level, style, dances, heats, competition_id, scoring_type, is_scholarship)
  VALUES (89, 'Amateur Syllabus Bronze Smooth Waltz', 'Amateur', 'Syllabus', 'Bronze', 'Smooth', '["Waltz"]', '[{"round":"semi-final","bibs":[62,52,64,80,94,67,53,74,68,81],"judges":[1,2,3]},{"round":"final","bibs":[],"judges":[1,2,3]}]', 1, 'standard', false);
INSERT INTO events (id, name, designation, syllabus_type, level, style, dances, heats, competition_id, scoring_type, is_scholarship)
  VALUES (90, 'Amateur Syllabus Silver Smooth Waltz', 'Amateur', 'Syllabus', 'Silver', 'Smooth', '["Waltz"]', '[{"round":"semi-final","bibs":[97,67,58,63,61,54,87,73],"judges":[1,2,3,4,5]},{"round":"final","bibs":[],"judges":[1,2,3,4,5]}]', 1, 'standard', false);
INSERT INTO events (id, name, designation, syllabus_type, level, style, dances, heats, competition_id, scoring_type, is_scholarship)
  VALUES (91, 'Amateur Syllabus Silver Smooth Foxtrot/Tango/Waltz', 'Amateur', 'Syllabus', 'Silver', 'Smooth', '["Foxtrot","Tango","Waltz"]', '[{"round":"semi-final","bibs":[90,67,72,74,83,69,53,85],"judges":[1,2,3,4,5]},{"round":"final","bibs":[],"judges":[1,2,3,4,5]}]', 1, 'standard', false);
INSERT INTO events (id, name, designation, syllabus_type, level, style, dances, heats, competition_id, scoring_type, is_scholarship)
  VALUES (92, 'Amateur Syllabus Gold Smooth Viennese Waltz', 'Amateur', 'Syllabus', 'Gold', 'Smooth', '["Viennese Waltz"]', '[{"round":"semi-final","bibs":[51,67,57,94,60,80,86],"judges":[1,2,3,4,5]},{"round":"final","bibs":[],"judges":[1,2,3,4,5]}]', 1, 'standard', false);
INSERT INTO events (id, name, designation, syllabus_type, level, style, dances, heats, competition_id, scoring_type, is_scholarship)
  VALUES (93, 'Amateur Syllabus Gold Smooth Waltz/Foxtrot/Tango', 'Amateur', 'Syllabus', 'Gold', 'Smooth', '["Waltz","Foxtrot","Tango"]', '[{"round":"semi-final","bibs":[77,58,98,67,53,66,62],"judges":[1,2,3,4,5]},{"round":"final","bibs":[],"judges":[1,2,3,4,5]}]', 1, 'standard', false);
INSERT INTO events (id, name, designation, syllabus_type, level, style, dances, heats, competition_id, scoring_type, is_scholarship)
  VALUES (94, 'Amateur Syllabus Novice Smooth Tango', 'Amateur', 'Syllabus', 'Novice', 'Smooth', '["Tango"]', '[{"round":"semi-final","bibs":[63,76,85,68,98,89,62,91,58,82,83,60],"judges":[1,2,3,4,5]},{"round":"final","bibs":[],"judges":[1,2,3,4,5]}]', 1, 'standard', false);
INSERT INTO events (id, name, designation, syllabus_type, level, style, dances, heats, competition_id, scoring_type, is_scholarship)
  VALUES (95, 'Amateur Syllabus Novice Smooth Waltz/Foxtrot/Tango', 'Amateur', 'Syllabus', 'Novice', 'Smooth', '["Waltz","Foxtrot","Tango"]', '[{"round":"semi-final","bibs":[78,98,56,92,90,68,53,85,59,80,88,54],"judges":[1,2,3,4,5]},{"round":"final","bibs":[],"judges":[1,2,3,4,5]}]', 1, 'standard', false);
INSERT INTO events (id, name, designation, syllabus_type, level, style, dances, heats, competition_id, scoring_type, is_scholarship)
  VALUES (96, 'Amateur Open Pre-Championship Smooth Foxtrot', 'Amateur', 'Open', 'Pre-Championship', 'Smooth', '["Foxtrot"]', '[{"round":"semi-final","bibs":[67,98,87,84,76,58,72,57,61,85,83,75,65,99],"judges":[1,2,3,4,5]},{"round":"final","bibs":[],"judges":[1,2,3,4,5]}]', 1, 'standard', false);
INSERT INTO events (id, name, designation, syllabus_type, level, style, dances, heats, competition_id, scoring_type, is_scholarship)
  VALUES (97, 'Amateur Open Pre-Championship Smooth Tango/Viennese Waltz/Waltz', 'Amateur', 'Open', 'Pre-Championship', 'Smooth', '["Tango","Viennese Waltz","Waltz"]', '[{"round":"semi-final","bibs":[73,82,56,62,86,96,91,79,51,61,69,54,52,87],"judges":[1,2,3,4,5]},{"round":"final","bibs":[],"judges":[1,2,3,4,5]}]', 1, 'standard', false);
INSERT INTO events (id, name, designation, syllabus_type, level, style, dances, heats, competition_id, scoring_type, is_scholarship)
  VALUES (98, 'Amateur Open Championship Smooth Foxtrot', 'Amateur', 'Open', 'Championship', 'Smooth', '["Foxtrot"]', '[{"round":"quarter-final","bibs":[93,72,74,92,51,85,69,86,82,67,57,63,98,68,59,96,52,83],"judges":[1,2,3,4,5,6,7]},{"round":"semi-final","bibs":[],"judges":[1,2,3,4,5,6,7]},{"round":"final","bibs":[],"judges":[1,2,3,4,5,6,7]}]', 1, 'standard', false);
INSERT INTO events (id, name, designation, syllabus_type, level, style, dances, heats, competition_id, scoring_type, is_scholarship)
  VALUES (99, 'Amateur Open Championship Smooth Viennese Waltz', 'Amateur', 'Open', 'Championship', 'Smooth', '["Viennese Waltz"]', '[{"round":"quarter-final","bibs":[71,53,62,73,93,96,69,52,63,94,75,65,83,57,87,58,80,78],"judges":[1,2,3,4,5,6,7]},{"round":"semi-final","bibs":[],"judges":[1,2,3,4,5,6,7]},{"round":"final","bibs":[],"judges":[1,2,3,4,5,6,7]}]', 1, 'standard', false);
INSERT INTO events (id, name, designation, syllabus_type, level, style, dances, heats, competition_id, scoring_type, is_scholarship)
  VALUES (100, 'Amateur Open Championship Smooth Waltz', 'Amateur', 'Open', 'Championship', 'Smooth', '["Waltz"]', '[{"round":"quarter-final","bibs":[60,58,59,94,96,79,63,67,51,65,66,75,76,90,72,86,55,73],"judges":[1,2,3,4,5,6,7]},{"round":"semi-final","bibs":[],"judges":[1,2,3,4,5,6,7]},{"round":"final","bibs":[],"judges":[1,2,3,4,5,6,7]}]', 1, 'standard', false);
INSERT INTO events (id, name, designation, syllabus_type, level, style, dances, heats, competition_id, scoring_type, is_scholarship)
  VALUES (101, 'Amateur Open Championship Smooth Tango', 'Amateur', 'Open', 'Championship', 'Smooth', '["Tango"]', '[{"round":"quarter-final","bibs":[97,73,54,91,63,95,78,100,62,55,80,89,77,51,61,83,79,96],"judges":[1,2,3,4,5,6,7]},{"round":"semi-final","bibs":[],"judges":[1,2,3,4,5,6,7]},{"round":"final","bibs":[],"judges":[1,2,3,4,5,6,7]}]', 1, 'standard', false);
INSERT INTO events (id, name, designation, syllabus_type, level, style, dances, heats, competition_id, scoring_type, is_scholarship)
  VALUES (102, 'Amateur Open Championship Smooth Waltz/Tango/Foxtrot', 'Amateur', 'Open', 'Championship', 'Smooth', '["Waltz","Tango","Foxtrot"]', '[{"round":"quarter-final","bibs":[97,65,82,99,74,57,78,60,54,100,71,96,68,63,92,87,94,93],"judges":[1,2,3,4,5,6,7]},{"round":"semi-final","bibs":[],"judges":[1,2,3,4,5,6,7]},{"round":"final","bibs":[],"judges":[1,2,3,4,5,6,7]}]', 1, 'standard', false);
INSERT INTO events (id, name, designation, syllabus_type, level, style, dances, heats, competition_id, scoring_type, is_scholarship)
  VALUES (103, 'Amateur Syllabus Newcomer Rhythm Bolero', 'Amateur', 'Syllabus', 'Newcomer', 'Rhythm', '["Bolero"]', '[{"round":"final","bibs":[79,87,77,61,56,91],"judges":[1,2,3]}]', 1, 'standard', false);
INSERT INTO events (id, name, designation, syllabus_type, level, style, dances, heats, competition_id, scoring_type, is_scholarship)
  VALUES (104, 'Amateur Syllabus Bronze Rhythm Bolero', 'Amateur', 'Syllabus', 'Bronze', 'Rhythm', '["Bolero"]', '[{"round":"semi-final","bibs":[61,78,74,88,70,97,93,60,81,76],"judges":[1,2,3]},{"round":"final","bibs":[],"judges":[1,2,3]}]', 1, 'standard', false);
INSERT INTO events (id, name, designation, syllabus_type, level, style, dances, heats, competition_id, scoring_type, is_scholarship)
  VALUES (105, 'Amateur Syllabus Silver Rhythm Rumba', 'Amateur', 'Syllabus', 'Silver', 'Rhythm', '["Rumba"]', '[{"round":"semi-final","bibs":[51,66,91,86,58,55,78,63],"judges":[1,2,3,4,5]},{"round":"final","bibs":[],"judges":[1,2,3,4,5]}]', 1, 'standard', false);
INSERT INTO events (id, name, designation, syllabus_type, level, style, dances, heats, competition_id, scoring_type, is_scholarship)
  VALUES (106, 'Amateur Syllabus Silver Rhythm Bolero/Rumba/Cha Cha', 'Amateur', 'Syllabus', 'Silver', 'Rhythm', '["Bolero","Rumba","Cha Cha"]', '[{"round":"semi-final","bibs":[53,72,97,68,75,89,85,79],"judges":[1,2,3,4,5]},{"round":"final","bibs":[],"judges":[1,2,3,4,5]}]', 1, 'standard', false);
INSERT INTO events (id, name, designation, syllabus_type, level, style, dances, heats, competition_id, scoring_type, is_scholarship)
  VALUES (107, 'Amateur Syllabus Gold Rhythm Bolero', 'Amateur', 'Syllabus', 'Gold', 'Rhythm', '["Bolero"]', '[{"round":"semi-final","bibs":[67,80,69,96,60,87,91],"judges":[1,2,3,4,5]},{"round":"final","bibs":[],"judges":[1,2,3,4,5]}]', 1, 'standard', false);
INSERT INTO events (id, name, designation, syllabus_type, level, style, dances, heats, competition_id, scoring_type, is_scholarship)
  VALUES (108, 'Amateur Syllabus Gold Rhythm Rumba/Cha Cha/East Coast Swing', 'Amateur', 'Syllabus', 'Gold', 'Rhythm', '["Rumba","Cha Cha","East Coast Swing"]', '[{"round":"semi-final","bibs":[81,63,60,62,90,59,57],"judges":[1,2,3,4,5]},{"round":"final","bibs":[],"judges":[1,2,3,4,5]}]', 1, 'standard', false);
INSERT INTO events (id, name, designation, syllabus_type, level, style, dances, heats, competition_id, scoring_type, is_scholarship)
  VALUES (109, 'Amateur Syllabus Novice Rhythm Rumba', 'Amateur', 'Syllabus', 'Novice', 'Rhythm', '["Rumba"]', '[{"round":"semi-final","bibs":[67,53,83,65,93,61,96,72,89,95,68,70],"judges":[1,2,3,4,5]},{"round":"final","bibs":[],"judges":[1,2,3,4,5]}]', 1, 'standard', false);
INSERT INTO events (id, name, designation, syllabus_type, level, style, dances, heats, competition_id, scoring_type, is_scholarship)
  VALUES (110, 'Amateur Syllabus Novice Rhythm Bolero/Rumba/Cha Cha', 'Amateur', 'Syllabus', 'Novice', 'Rhythm', '["Bolero","Rumba","Cha Cha"]', '[{"round":"semi-final","bibs":[100,77,97,87,89,92,51,60,69,90,59,70],"judges":[1,2,3,4,5]},{"round":"final","bibs":[],"judges":[1,2,3,4,5]}]', 1, 'standard', false);
INSERT INTO events (id, name, designation, syllabus_type, level, style, dances, heats, competition_id, scoring_type, is_scholarship)
  VALUES (111, 'Amateur Open Pre-Championship Rhythm Bolero', 'Amateur', 'Open', 'Pre-Championship', 'Rhythm', '["Bolero"]', '[{"round":"semi-final","bibs":[86,72,90,55,52,82,99,81,94,84,71,59,63,62],"judges":[1,2,3,4,5]},{"round":"final","bibs":[],"judges":[1,2,3,4,5]}]', 1, 'standard', false);
INSERT INTO events (id, name, designation, syllabus_type, level, style, dances, heats, competition_id, scoring_type, is_scholarship)
  VALUES (112, 'Amateur Open Pre-Championship Rhythm Rumba/East Coast Swing/Bolero', 'Amateur', 'Open', 'Pre-Championship', 'Rhythm', '["Rumba","East Coast Swing","Bolero"]', '[{"round":"semi-final","bibs":[72,78,89,68,80,86,57,88,79,97,63,55,53,75],"judges":[1,2,3,4,5]},{"round":"final","bibs":[],"judges":[1,2,3,4,5]}]', 1, 'standard', false);
INSERT INTO events (id, name, designation, syllabus_type, level, style, dances, heats, competition_id, scoring_type, is_scholarship)
  VALUES (113, 'Amateur Open Championship Rhythm Rumba', 'Amateur', 'Open', 'Championship', 'Rhythm', '["Rumba"]', '[{"round":"quarter-final","bibs":[77,85,86,97,52,74,90,57,60,63,62,83,82,79,71,81,76,56],"judges":[1,2,3,4,5,6,7]},{"round":"semi-final","bibs":[],"judges":[1,2,3,4,5,6,7]},{"round":"final","bibs":[],"judges":[1,2,3,4,5,6,7]}]', 1, 'standard', false);
INSERT INTO events (id, name, designation, syllabus_type, level, style, dances, heats, competition_id, scoring_type, is_scholarship)
  VALUES (114, 'Amateur Open Championship Rhythm Cha Cha', 'Amateur', 'Open', 'Championship', 'Rhythm', '["Cha Cha"]', '[{"round":"quarter-final","bibs":[80,98,61,60,69,74,77,93,84,58,92,86,66,64,96,87,51,88],"judges":[1,2,3,4,5,6,7]},{"round":"semi-final","bibs":[],"judges":[1,2,3,4,5,6,7]},{"round":"final","bibs":[],"judges":[1,2,3,4,5,6,7]}]', 1, 'standard', false);
INSERT INTO events (id, name, designation, syllabus_type, level, style, dances, heats, competition_id, scoring_type, is_scholarship)
  VALUES (115, 'Amateur Open Championship Rhythm Mambo', 'Amateur', 'Open', 'Championship', 'Rhythm', '["Mambo"]', '[{"round":"quarter-final","bibs":[88,81,58,95,99,65,84,73,93,85,57,92,52,61,59,79,97,80],"judges":[1,2,3,4,5,6,7]},{"round":"semi-final","bibs":[],"judges":[1,2,3,4,5,6,7]},{"round":"final","bibs":[],"judges":[1,2,3,4,5,6,7]}]', 1, 'standard', false);
INSERT INTO events (id, name, designation, syllabus_type, level, style, dances, heats, competition_id, scoring_type, is_scholarship)
  VALUES (116, 'Amateur Open Championship Rhythm East Coast Swing', 'Amateur', 'Open', 'Championship', 'Rhythm', '["East Coast Swing"]', '[{"round":"quarter-final","bibs":[67,77,91,62,54,66,99,83,95,61,87,79,56,84,65,53,96,88],"judges":[1,2,3,4,5,6,7]},{"round":"semi-final","bibs":[],"judges":[1,2,3,4,5,6,7]},{"round":"final","bibs":[],"judges":[1,2,3,4,5,6,7]}]', 1, 'standard', false);
INSERT INTO events (id, name, designation, syllabus_type, level, style, dances, heats, competition_id, scoring_type, is_scholarship)
  VALUES (117, 'Amateur Open Championship Rhythm Bolero', 'Amateur', 'Open', 'Championship', 'Rhythm', '["Bolero"]', '[{"round":"quarter-final","bibs":[85,53,58,81,97,99,55,63,76,92,70,91,98,78,51,60,68,77],"judges":[1,2,3,4,5,6,7]},{"round":"semi-final","bibs":[],"judges":[1,2,3,4,5,6,7]},{"round":"final","bibs":[],"judges":[1,2,3,4,5,6,7]}]', 1, 'standard', false);
INSERT INTO events (id, name, designation, syllabus_type, level, style, dances, heats, competition_id, scoring_type, is_scholarship)
  VALUES (118, 'Amateur Open Championship Rhythm Mambo/East Coast Swing/Rumba', 'Amateur', 'Open', 'Championship', 'Rhythm', '["Mambo","East Coast Swing","Rumba"]', '[{"round":"quarter-final","bibs":[79,80,54,93,74,99,88,53,51,81,100,62,77,71,91,95,96,59],"judges":[1,2,3,4,5,6,7]},{"round":"semi-final","bibs":[],"judges":[1,2,3,4,5,6,7]},{"round":"final","bibs":[],"judges":[1,2,3,4,5,6,7]}]', 1, 'standard', false);
INSERT INTO events (id, name, designation, syllabus_type, level, style, dances, heats, competition_id, scoring_type, is_scholarship)
  VALUES (119, 'Amateur Syllabus Newcomer Standard Viennese Waltz', 'Amateur', 'Syllabus', 'Newcomer', 'Standard', '["Viennese Waltz"]', '[{"round":"final","bibs":[97,56,58,69,81,90],"judges":[1,2,3]}]', 1, 'standard', false);
INSERT INTO events (id, name, designation, syllabus_type, level, style, dances, heats, competition_id, scoring_type, is_scholarship)
  VALUES (120, 'Amateur Syllabus Bronze Standard Tango', 'Amateur', 'Syllabus', 'Bronze', 'Standard', '["Tango"]', '[{"round":"semi-final","bibs":[96,60,78,66,74,79,58,85,88,76],"judges":[1,2,3]},{"round":"final","bibs":[],"judges":[1,2,3]}]', 1, 'standard', false);
INSERT INTO events (id, name, designation, syllabus_type, level, style, dances, heats, competition_id, scoring_type, is_scholarship)
  VALUES (121, 'Amateur Syllabus Silver Standard Waltz', 'Amateur', 'Syllabus', 'Silver', 'Standard', '["Waltz"]', '[{"round":"semi-final","bibs":[73,90,80,64,54,78,75,76],"judges":[1,2,3,4,5]},{"round":"final","bibs":[],"judges":[1,2,3,4,5]}]', 1, 'standard', false);
INSERT INTO events (id, name, designation, syllabus_type, level, style, dances, heats, competition_id, scoring_type, is_scholarship)
  VALUES (122, 'Amateur Syllabus Silver Standard Viennese Waltz/Quickstep/Foxtrot', 'Amateur', 'Syllabus', 'Silver', 'Standard', '["Viennese Waltz","Quickstep","Foxtrot"]', '[{"round":"semi-final","bibs":[78,51,99,87,85,72,82,81],"judges":[1,2,3,4,5]},{"round":"final","bibs":[],"judges":[1,2,3,4,5]}]', 1, 'standard', false);
INSERT INTO events (id, name, designation, syllabus_type, level, style, dances, heats, competition_id, scoring_type, is_scholarship)
  VALUES (123, 'Amateur Syllabus Gold Standard Waltz', 'Amateur', 'Syllabus', 'Gold', 'Standard', '["Waltz"]', '[{"round":"semi-final","bibs":[80,88,63,91,71,100,77],"judges":[1,2,3,4,5]},{"round":"final","bibs":[],"judges":[1,2,3,4,5]}]', 1, 'standard', false);
INSERT INTO events (id, name, designation, syllabus_type, level, style, dances, heats, competition_id, scoring_type, is_scholarship)
  VALUES (124, 'Amateur Syllabus Gold Standard Foxtrot/Tango/Viennese Waltz', 'Amateur', 'Syllabus', 'Gold', 'Standard', '["Foxtrot","Tango","Viennese Waltz"]', '[{"round":"semi-final","bibs":[72,97,59,93,62,66,56],"judges":[1,2,3,4,5]},{"round":"final","bibs":[],"judges":[1,2,3,4,5]}]', 1, 'standard', false);
INSERT INTO events (id, name, designation, syllabus_type, level, style, dances, heats, competition_id, scoring_type, is_scholarship)
  VALUES (125, 'Amateur Syllabus Novice Standard Waltz', 'Amateur', 'Syllabus', 'Novice', 'Standard', '["Waltz"]', '[{"round":"semi-final","bibs":[78,82,68,79,54,71,92,77,70,98,66,86],"judges":[1,2,3,4,5]},{"round":"final","bibs":[],"judges":[1,2,3,4,5]}]', 1, 'standard', false);
INSERT INTO events (id, name, designation, syllabus_type, level, style, dances, heats, competition_id, scoring_type, is_scholarship)
  VALUES (126, 'Amateur Syllabus Novice Standard Tango/Waltz/Quickstep', 'Amateur', 'Syllabus', 'Novice', 'Standard', '["Tango","Waltz","Quickstep"]', '[{"round":"semi-final","bibs":[77,91,80,73,65,56,96,78,66,81,88,82],"judges":[1,2,3,4,5]},{"round":"final","bibs":[],"judges":[1,2,3,4,5]}]', 1, 'standard', false);
INSERT INTO events (id, name, designation, syllabus_type, level, style, dances, heats, competition_id, scoring_type, is_scholarship)
  VALUES (127, 'Amateur Open Pre-Championship Standard Viennese Waltz', 'Amateur', 'Open', 'Pre-Championship', 'Standard', '["Viennese Waltz"]', '[{"round":"semi-final","bibs":[55,99,92,98,81,80,52,91,71,77,75,58,59,88],"judges":[1,2,3,4,5]},{"round":"final","bibs":[],"judges":[1,2,3,4,5]}]', 1, 'standard', false);
INSERT INTO events (id, name, designation, syllabus_type, level, style, dances, heats, competition_id, scoring_type, is_scholarship)
  VALUES (128, 'Amateur Open Pre-Championship Standard Waltz/Foxtrot/Quickstep', 'Amateur', 'Open', 'Pre-Championship', 'Standard', '["Waltz","Foxtrot","Quickstep"]', '[{"round":"semi-final","bibs":[63,79,52,89,71,68,83,67,100,78,90,58,66,86],"judges":[1,2,3,4,5]},{"round":"final","bibs":[],"judges":[1,2,3,4,5]}]', 1, 'standard', false);
INSERT INTO events (id, name, designation, syllabus_type, level, style, dances, heats, competition_id, scoring_type, is_scholarship)
  VALUES (129, 'Amateur Open Championship Standard Tango', 'Amateur', 'Open', 'Championship', 'Standard', '["Tango"]', '[{"round":"quarter-final","bibs":[60,57,95,51,73,61,90,69,72,68,76,71,81,67,89,58,86,99],"judges":[1,2,3,4,5,6,7]},{"round":"semi-final","bibs":[],"judges":[1,2,3,4,5,6,7]},{"round":"final","bibs":[],"judges":[1,2,3,4,5,6,7]}]', 1, 'standard', false);
INSERT INTO events (id, name, designation, syllabus_type, level, style, dances, heats, competition_id, scoring_type, is_scholarship)
  VALUES (130, 'Amateur Open Championship Standard Foxtrot', 'Amateur', 'Open', 'Championship', 'Standard', '["Foxtrot"]', '[{"round":"quarter-final","bibs":[68,69,70,74,99,92,67,91,90,59,54,76,96,82,84,86,51,71],"judges":[1,2,3,4,5,6,7]},{"round":"semi-final","bibs":[],"judges":[1,2,3,4,5,6,7]},{"round":"final","bibs":[],"judges":[1,2,3,4,5,6,7]}]', 1, 'standard', false);
INSERT INTO events (id, name, designation, syllabus_type, level, style, dances, heats, competition_id, scoring_type, is_scholarship)
  VALUES (131, 'Amateur Open Championship Standard Viennese Waltz', 'Amateur', 'Open', 'Championship', 'Standard', '["Viennese Waltz"]', '[{"round":"quarter-final","bibs":[73,100,56,68,89,64,74,52,96,53,80,78,84,97,76,58,90,67],"judges":[1,2,3,4,5,6,7]},{"round":"semi-final","bibs":[],"judges":[1,2,3,4,5,6,7]},{"round":"final","bibs":[],"judges":[1,2,3,4,5,6,7]}]', 1, 'standard', false);
INSERT INTO events (id, name, designation, syllabus_type, level, style, dances, heats, competition_id, scoring_type, is_scholarship)
  VALUES (132, 'Amateur Open Championship Standard Quickstep', 'Amateur', 'Open', 'Championship', 'Standard', '["Quickstep"]', '[{"round":"quarter-final","bibs":[52,98,100,71,70,64,79,81,85,54,74,95,99,63,84,55,60,89],"judges":[1,2,3,4,5,6,7]},{"round":"semi-final","bibs":[],"judges":[1,2,3,4,5,6,7]},{"round":"final","bibs":[],"judges":[1,2,3,4,5,6,7]}]', 1, 'standard', false);
INSERT INTO events (id, name, designation, syllabus_type, level, style, dances, heats, competition_id, scoring_type, is_scholarship)
  VALUES (133, 'Amateur Open Championship Standard Waltz', 'Amateur', 'Open', 'Championship', 'Standard', '["Waltz"]', '[{"round":"quarter-final","bibs":[67,96,88,93,61,74,95,55,69,97,78,99,92,70,87,98,54,56],"judges":[1,2,3,4,5,6,7]},{"round":"semi-final","bibs":[],"judges":[1,2,3,4,5,6,7]},{"round":"final","bibs":[],"judges":[1,2,3,4,5,6,7]}]', 1, 'standard', false);
INSERT INTO events (id, name, designation, syllabus_type, level, style, dances, heats, competition_id, scoring_type, is_scholarship)
  VALUES (134, 'Amateur Open Championship Standard Waltz/Tango/Foxtrot', 'Amateur', 'Open', 'Championship', 'Standard', '["Waltz","Tango","Foxtrot"]', '[{"round":"quarter-final","bibs":[53,55,99,73,96,61,70,76,93,60,68,72,81,89,98,97,57,77],"judges":[1,2,3,4,5,6,7]},{"round":"semi-final","bibs":[],"judges":[1,2,3,4,5,6,7]},{"round":"final","bibs":[],"judges":[1,2,3,4,5,6,7]}]', 1, 'standard', false);
INSERT INTO events (id, name, designation, syllabus_type, level, style, dances, heats, competition_id, scoring_type, is_scholarship)
  VALUES (135, 'Amateur Syllabus Newcomer Latin Samba', 'Amateur', 'Syllabus', 'Newcomer', 'Latin', '["Samba"]', '[{"round":"final","bibs":[90,84,89,71,100,96],"judges":[1,2,3]}]', 1, 'standard', false);
INSERT INTO events (id, name, designation, syllabus_type, level, style, dances, heats, competition_id, scoring_type, is_scholarship)
  VALUES (136, 'Amateur Syllabus Bronze Latin Jive', 'Amateur', 'Syllabus', 'Bronze', 'Latin', '["Jive"]', '[{"round":"semi-final","bibs":[90,53,100,63,59,80,70,65,75,94],"judges":[1,2,3]},{"round":"final","bibs":[],"judges":[1,2,3]}]', 1, 'standard', false);
INSERT INTO events (id, name, designation, syllabus_type, level, style, dances, heats, competition_id, scoring_type, is_scholarship)
  VALUES (137, 'Amateur Syllabus Silver Latin Samba', 'Amateur', 'Syllabus', 'Silver', 'Latin', '["Samba"]', '[{"round":"semi-final","bibs":[85,78,97,59,84,77,86,57],"judges":[1,2,3,4,5]},{"round":"final","bibs":[],"judges":[1,2,3,4,5]}]', 1, 'standard', false);
INSERT INTO events (id, name, designation, syllabus_type, level, style, dances, heats, competition_id, scoring_type, is_scholarship)
  VALUES (138, 'Amateur Syllabus Silver Latin Jive/Samba/Paso Doble', 'Amateur', 'Syllabus', 'Silver', 'Latin', '["Jive","Samba","Paso Doble"]', '[{"round":"semi-final","bibs":[81,86,59,63,67,74,77,58],"judges":[1,2,3,4,5]},{"round":"final","bibs":[],"judges":[1,2,3,4,5]}]', 1, 'standard', false);
INSERT INTO events (id, name, designation, syllabus_type, level, style, dances, heats, competition_id, scoring_type, is_scholarship)
  VALUES (139, 'Amateur Syllabus Gold Latin Paso Doble', 'Amateur', 'Syllabus', 'Gold', 'Latin', '["Paso Doble"]', '[{"round":"semi-final","bibs":[96,90,98,54,74,56,57],"judges":[1,2,3,4,5]},{"round":"final","bibs":[],"judges":[1,2,3,4,5]}]', 1, 'standard', false);
INSERT INTO events (id, name, designation, syllabus_type, level, style, dances, heats, competition_id, scoring_type, is_scholarship)
  VALUES (140, 'Amateur Syllabus Gold Latin Jive/Paso Doble/Rumba', 'Amateur', 'Syllabus', 'Gold', 'Latin', '["Jive","Paso Doble","Rumba"]', '[{"round":"semi-final","bibs":[66,85,97,79,92,54,51],"judges":[1,2,3,4,5]},{"round":"final","bibs":[],"judges":[1,2,3,4,5]}]', 1, 'standard', false);
INSERT INTO events (id, name, designation, syllabus_type, level, style, dances, heats, competition_id, scoring_type, is_scholarship)
  VALUES (141, 'Amateur Syllabus Novice Latin Rumba', 'Amateur', 'Syllabus', 'Novice', 'Latin', '["Rumba"]', '[{"round":"semi-final","bibs":[65,66,86,59,79,62,61,81,67,96,92,60],"judges":[1,2,3,4,5]},{"round":"final","bibs":[],"judges":[1,2,3,4,5]}]', 1, 'standard', false);
INSERT INTO events (id, name, designation, syllabus_type, level, style, dances, heats, competition_id, scoring_type, is_scholarship)
  VALUES (142, 'Amateur Syllabus Novice Latin Paso Doble/Samba/Cha Cha', 'Amateur', 'Syllabus', 'Novice', 'Latin', '["Paso Doble","Samba","Cha Cha"]', '[{"round":"semi-final","bibs":[56,70,97,60,64,90,58,55,95,83,75,81],"judges":[1,2,3,4,5]},{"round":"final","bibs":[],"judges":[1,2,3,4,5]}]', 1, 'standard', false);
INSERT INTO events (id, name, designation, syllabus_type, level, style, dances, heats, competition_id, scoring_type, is_scholarship)
  VALUES (143, 'Amateur Open Pre-Championship Latin Rumba', 'Amateur', 'Open', 'Pre-Championship', 'Latin', '["Rumba"]', '[{"round":"semi-final","bibs":[91,85,63,98,53,58,97,86,82,87,51,56,74,60],"judges":[1,2,3,4,5]},{"round":"final","bibs":[],"judges":[1,2,3,4,5]}]', 1, 'standard', false);
INSERT INTO events (id, name, designation, syllabus_type, level, style, dances, heats, competition_id, scoring_type, is_scholarship)
  VALUES (144, 'Amateur Open Pre-Championship Latin Cha Cha/Samba/Jive', 'Amateur', 'Open', 'Pre-Championship', 'Latin', '["Cha Cha","Samba","Jive"]', '[{"round":"semi-final","bibs":[94,95,70,66,52,93,88,81,92,80,78,91,98,90],"judges":[1,2,3,4,5]},{"round":"final","bibs":[],"judges":[1,2,3,4,5]}]', 1, 'standard', false);
INSERT INTO events (id, name, designation, syllabus_type, level, style, dances, heats, competition_id, scoring_type, is_scholarship)
  VALUES (145, 'Amateur Open Championship Latin Samba', 'Amateur', 'Open', 'Championship', 'Latin', '["Samba"]', '[{"round":"quarter-final","bibs":[75,54,97,80,77,69,65,52,88,71,73,76,92,70,100,82,60,55],"judges":[1,2,3,4,5,6,7]},{"round":"semi-final","bibs":[],"judges":[1,2,3,4,5,6,7]},{"round":"final","bibs":[],"judges":[1,2,3,4,5,6,7]}]', 1, 'standard', false);
INSERT INTO events (id, name, designation, syllabus_type, level, style, dances, heats, competition_id, scoring_type, is_scholarship)
  VALUES (146, 'Amateur Open Championship Latin Jive', 'Amateur', 'Open', 'Championship', 'Latin', '["Jive"]', '[{"round":"quarter-final","bibs":[62,99,70,59,96,76,80,77,55,73,51,68,92,75,54,97,60,95],"judges":[1,2,3,4,5,6,7]},{"round":"semi-final","bibs":[],"judges":[1,2,3,4,5,6,7]},{"round":"final","bibs":[],"judges":[1,2,3,4,5,6,7]}]', 1, 'standard', false);
INSERT INTO events (id, name, designation, syllabus_type, level, style, dances, heats, competition_id, scoring_type, is_scholarship)
  VALUES (147, 'Amateur Open Championship Latin Rumba', 'Amateur', 'Open', 'Championship', 'Latin', '["Rumba"]', '[{"round":"quarter-final","bibs":[79,85,98,82,60,100,93,96,52,95,53,83,51,56,99,65,86,80],"judges":[1,2,3,4,5,6,7]},{"round":"semi-final","bibs":[],"judges":[1,2,3,4,5,6,7]},{"round":"final","bibs":[],"judges":[1,2,3,4,5,6,7]}]', 1, 'standard', false);
INSERT INTO events (id, name, designation, syllabus_type, level, style, dances, heats, competition_id, scoring_type, is_scholarship)
  VALUES (148, 'Amateur Open Championship Latin Paso Doble', 'Amateur', 'Open', 'Championship', 'Latin', '["Paso Doble"]', '[{"round":"quarter-final","bibs":[87,68,57,79,52,61,76,80,88,55,67,73,98,63,91,100,92,84],"judges":[1,2,3,4,5,6,7]},{"round":"semi-final","bibs":[],"judges":[1,2,3,4,5,6,7]},{"round":"final","bibs":[],"judges":[1,2,3,4,5,6,7]}]', 1, 'standard', false);
INSERT INTO events (id, name, designation, syllabus_type, level, style, dances, heats, competition_id, scoring_type, is_scholarship)
  VALUES (149, 'Amateur Open Championship Latin Cha Cha', 'Amateur', 'Open', 'Championship', 'Latin', '["Cha Cha"]', '[{"round":"quarter-final","bibs":[64,59,71,78,56,100,97,96,54,77,57,67,80,76,66,86,52,58],"judges":[1,2,3,4,5,6,7]},{"round":"semi-final","bibs":[],"judges":[1,2,3,4,5,6,7]},{"round":"final","bibs":[],"judges":[1,2,3,4,5,6,7]}]', 1, 'standard', false);
INSERT INTO events (id, name, designation, syllabus_type, level, style, dances, heats, competition_id, scoring_type, is_scholarship)
  VALUES (150, 'Amateur Open Championship Latin Samba/Paso Doble/Cha Cha', 'Amateur', 'Open', 'Championship', 'Latin', '["Samba","Paso Doble","Cha Cha"]', '[{"round":"quarter-final","bibs":[73,95,62,60,53,58,70,92,82,90,84,89,52,87,85,68,94,72],"judges":[1,2,3,4,5,6,7]},{"round":"semi-final","bibs":[],"judges":[1,2,3,4,5,6,7]},{"round":"final","bibs":[],"judges":[1,2,3,4,5,6,7]}]', 1, 'standard', false);
INSERT INTO events (id, name, designation, syllabus_type, level, style, dances, heats, competition_id, scoring_type, is_scholarship)
  VALUES (151, 'Pro-Am Syllabus Newcomer Smooth Tango', 'Pro-Am', 'Syllabus', 'Newcomer', 'Smooth', '["Tango"]', '[{"round":"final","bibs":[9,18,25],"judges":[1,2,3]}]', 1, 'proficiency', false);
INSERT INTO events (id, name, designation, syllabus_type, level, style, dances, heats, competition_id, scoring_type, is_scholarship)
  VALUES (152, 'Pro-Am Syllabus Bronze Smooth Viennese Waltz', 'Pro-Am', 'Syllabus', 'Bronze', 'Smooth', '["Viennese Waltz"]', '[{"round":"final","bibs":[37,50,6,28,17],"judges":[1,2,3]}]', 1, 'proficiency', false);
INSERT INTO events (id, name, designation, syllabus_type, level, style, dances, heats, competition_id, scoring_type, is_scholarship)
  VALUES (153, 'Pro-Am Syllabus Silver Smooth Waltz', 'Pro-Am', 'Syllabus', 'Silver', 'Smooth', '["Waltz"]', '[{"round":"final","bibs":[33,3,10,16],"judges":[1,2,3,4,5]}]', 1, 'proficiency', false);
INSERT INTO events (id, name, designation, syllabus_type, level, style, dances, heats, competition_id, scoring_type, is_scholarship)
  VALUES (154, 'Pro-Am Syllabus Newcomer Rhythm Bolero', 'Pro-Am', 'Syllabus', 'Newcomer', 'Rhythm', '["Bolero"]', '[{"round":"final","bibs":[7,39,40],"judges":[1,2,3]}]', 1, 'proficiency', false);
INSERT INTO events (id, name, designation, syllabus_type, level, style, dances, heats, competition_id, scoring_type, is_scholarship)
  VALUES (155, 'Pro-Am Syllabus Bronze Rhythm Rumba', 'Pro-Am', 'Syllabus', 'Bronze', 'Rhythm', '["Rumba"]', '[{"round":"final","bibs":[16,44,10,1,47],"judges":[1,2,3]}]', 1, 'proficiency', false);
INSERT INTO events (id, name, designation, syllabus_type, level, style, dances, heats, competition_id, scoring_type, is_scholarship)
  VALUES (156, 'Pro-Am Syllabus Silver Rhythm East Coast Swing', 'Pro-Am', 'Syllabus', 'Silver', 'Rhythm', '["East Coast Swing"]', '[{"round":"final","bibs":[25,4,31,16],"judges":[1,2,3,4,5]}]', 1, 'proficiency', false);
INSERT INTO events (id, name, designation, syllabus_type, level, style, dances, heats, competition_id, scoring_type, is_scholarship)
  VALUES (157, 'Pro-Am Syllabus Newcomer Standard Quickstep', 'Pro-Am', 'Syllabus', 'Newcomer', 'Standard', '["Quickstep"]', '[{"round":"final","bibs":[36,32,15],"judges":[1,2,3]}]', 1, 'proficiency', false);
INSERT INTO events (id, name, designation, syllabus_type, level, style, dances, heats, competition_id, scoring_type, is_scholarship)
  VALUES (158, 'Pro-Am Syllabus Bronze Standard Viennese Waltz', 'Pro-Am', 'Syllabus', 'Bronze', 'Standard', '["Viennese Waltz"]', '[{"round":"final","bibs":[20,5,3,25,14],"judges":[1,2,3]}]', 1, 'proficiency', false);
INSERT INTO events (id, name, designation, syllabus_type, level, style, dances, heats, competition_id, scoring_type, is_scholarship)
  VALUES (159, 'Pro-Am Syllabus Silver Standard Viennese Waltz', 'Pro-Am', 'Syllabus', 'Silver', 'Standard', '["Viennese Waltz"]', '[{"round":"final","bibs":[29,1,45,9],"judges":[1,2,3,4,5]}]', 1, 'proficiency', false);
INSERT INTO events (id, name, designation, syllabus_type, level, style, dances, heats, competition_id, scoring_type, is_scholarship)
  VALUES (160, 'Pro-Am Syllabus Newcomer Latin Rumba', 'Pro-Am', 'Syllabus', 'Newcomer', 'Latin', '["Rumba"]', '[{"round":"final","bibs":[3,43,11],"judges":[1,2,3]}]', 1, 'proficiency', false);
INSERT INTO events (id, name, designation, syllabus_type, level, style, dances, heats, competition_id, scoring_type, is_scholarship)
  VALUES (161, 'Pro-Am Syllabus Bronze Latin Rumba', 'Pro-Am', 'Syllabus', 'Bronze', 'Latin', '["Rumba"]', '[{"round":"final","bibs":[27,12,46,47,10],"judges":[1,2,3]}]', 1, 'proficiency', false);
INSERT INTO events (id, name, designation, syllabus_type, level, style, dances, heats, competition_id, scoring_type, is_scholarship)
  VALUES (162, 'Pro-Am Syllabus Silver Latin Paso Doble', 'Pro-Am', 'Syllabus', 'Silver', 'Latin', '["Paso Doble"]', '[{"round":"final","bibs":[19,13,34,24],"judges":[1,2,3,4,5]}]', 1, 'proficiency', false);
INSERT INTO events (id, name, designation, syllabus_type, level, style, dances, heats, competition_id, scoring_type, is_scholarship)
  VALUES (163, 'Amateur Syllabus Newcomer Smooth Waltz', 'Amateur', 'Syllabus', 'Newcomer', 'Smooth', '["Waltz"]', '[{"round":"final","bibs":[66,77,92,87,62],"judges":[1,2,3]}]', 1, 'proficiency', false);
INSERT INTO events (id, name, designation, syllabus_type, level, style, dances, heats, competition_id, scoring_type, is_scholarship)
  VALUES (164, 'Amateur Syllabus Newcomer Rhythm Cha Cha', 'Amateur', 'Syllabus', 'Newcomer', 'Rhythm', '["Cha Cha"]', '[{"round":"final","bibs":[71,68,75,54,77],"judges":[1,2,3]}]', 1, 'proficiency', false);
SELECT setval('events_id_seq', 164);

COMMIT;

-- To load: psql $DATABASE_URL -f sample/seed.sql
